,review_by,review_id,location,cost,installation_time,pre_sales_information,install_co-ordination,connection_reliability,tech_support,services,value_for_money,date
0,ych  ,96808,"Montreal, QC, Canada",57,2,,50,50,50,50,,2022-03-14
1,RumClutch  ,95503,"Georgetown, ON, Canada",70,2,100,75,100,75,75,50,2022-02-01
2,El Quintron  ,95743,Tronna,80,8,75,0,100,50,75,75,2022-01-19
3,techie7k  ,96766,undisclosed location,,,100,100,100,100,100,100,2021-12-15
4,KlatuuBarada  ,96762,"Laval, QC, Canada",80,2,75,75,100,50,75,50,2021-12-03
5,AppleGuy  ,96743,"Kitchener, ON, Canada",113,2,75,100,100,100,100,75,2021-11-06
6,DavePC  ,95137,"Richmond Hill, ON, Canada",67,1,50,100,100,75,75,50,2021-07-06
7,dbarron  ,96247,"Sudbury, ON, Canada",119,,50,75,75,75,75,0,2021-03-24
8,avax  ,96615,"Toronto, ON, Canada",86,5,,,,,,,2021-03-24
9,zadigre  ,96149,"Montreal, QC, Canada",65,3,75,100,100,100,100,100,2021-02-16
10,murky  ,94039,"Sault Ste Marie, ON, Canada",180,,100,100,100,50,100,100,2021-01-10
11,ooomen  ,96529,"Sault Ste Marie, ON, Canada",52,3,,,,,,,2020-12-05
12,SharkyCA  ,96493,"Carleton Place, ON, Canada",55,,75,75,75,75,75,50,2020-09-23
13,purplesplat  ,96492,"Braeside, ON, Canada",90,14,25,50,50,50,25,25,2020-09-23
14,wowproducts  ,96488,"Kingston, ON, Canada",100,2,,,,,,,2020-09-23
15,pandaruu  ,96446,"Corbyville, ON, Canada",75,,75,75,0,0,0,0,2020-08-17
16,Wo1f  ,64410,"Montreal, QC, Canada",90,,100,100,100,100,100,75,2020-07-12
17,sammygee434  ,96389,"Cote Saint-Luc, QC, Canada",98,2,100,75,100,25,75,100,2020-06-05
18,Hoodlum416  ,96273,"North York, ON, Canada",,,50,100,100,50,100,50,2020-06-05
19,Altheran5  ,95286,J3M0C7,110,5,75,100,100,50,75,75,2020-04-30
20,Wesley  ,96219,"Acton, ON, Canada",90,,50,75,100,50,25,0,2020-02-16
21,potvinp  ,96174,"Pembroke, ON, Canada",65,7,,,,,,,2019-12-05
22,TLS2000  ,45349,"Oshawa, ON, Canada",80,14,100,0,100,50,100,100,2019-12-05
23,H0W1K2  ,93795,Toronto ,49,1,50,100,100,100,75,50,2019-09-23
24,Maxx2006  ,96099,"Guelph, ON, Canada",68,1,75,75,75,50,75,75,2019-09-23
25,drewis  ,83045,"Hamilton, ON, Canada",90,,75,75,100,25,75,75,2019-07-12
26,user2008  ,51628,Canada,29,3,50,100,100,75,50,50,2019-07-12
27,wb70ss  ,95923,"Toronto, ON, Canada",114,6,75,100,100,100,100,100,2019-03-25
28,deathless  ,95105,Ottawa,112,,50,50,75,50,50,50,2018-12-05
29,jump221281  ,95805,"Beauharnois, QC, Canada",106,50,100,100,50,0,25,75,2018-10-30
30,ewtoombs  ,95655,"Kingston, ON, Canada",102,4,25,100,50,0,50,0,2018-09-23
31,tigerdan313  ,95576,"Thetford Mines, QC, Canada",,,100,75,75,75,75,75,2018-06-06
32,markuswarren  ,95550,"Oakville, ON, Canada",,,75,75,75,75,25,50,2018-04-30
33,SimplePanda  ,94726,"Toronto, ON, Canada",129,7,75,100,100,0,100,75,2018-04-30
34,DeanLubaki  ,95513,UK and CA,56,1,,,,,,,2018-04-30
35,repoman03  ,95452,"North York, ON, Canada",85,5,100,100,75,75,75,100,2018-03-25
36,Nezcro  ,95424,"Scarborough, ON, Canada",75,,100,50,100,50,100,100,2018-02-16
37,ve2mrx  ,95413,"Sainte-Julie, QC, Canada",153,12,75,75,100,75,100,75,2018-02-16
38,marcopolo53  ,95410,"Mississauga, ON, Canada",45,5,25,75,75,50,75,50,2018-02-16
39,dansleboby  ,95400,"Repentigny, QC, Canada",114,7,75,75,100,25,50,100,2018-02-16
40,DSL_review21  ,95297,undisclosed location,,,50,75,100,75,100,75,2017-12-05
41,VinnieT  ,95292,Canada,,,,,,,,,2017-12-05
42,LazMan  ,65134,"Welland, ON, Canada",,10,75,100,100,75,75,75,2017-12-05
43,jcobban  ,95289,"Kanata, ON, Canada",375,5,50,50,25,0,25,25,2017-12-05
44,azsune  ,95221,"Pickering, ON, Canada",230,,50,75,0,25,25,0,2017-10-29
45,vitesse  ,68382,"Saint-Philippe, QC, Canada",60,30,0,25,25,0,25,25,2017-10-29
46,petermac1  ,95175,"East York, ON, Canada",180,60,25,0,75,25,50,50,2017-09-23
47,jimb ottawa  ,95125,undisclosed location,,5,50,75,25,25,50,50,2017-09-23
48,nickel  ,95062,"Mont-Royal, QC, Canada",80,1,50,100,100,50,50,50,2017-08-17
49,ACKernel  ,94968,"Dartmouth, NS, Canada",172,1,100,100,100,100,100,100,2017-07-12
50,Barry  ,91245,"Burlington, ON, Canada",57,2,100,100,100,100,100,75,2017-07-12
51,gus71  ,94957,"Alma, QC, Canada",40,3,100,100,100,75,50,100,2017-06-05
52,DeanoYYZ  ,93255,"Toronto, ON, Canada",113,1,75,50,100,75,75,75,2017-04-30
53,Riplin  ,27811,canada,117,,25,50,100,25,50,25,2017-04-30
54,otto66  ,67563,undisclosed location,,,100,100,75,0,0,50,2017-04-30
55,yyzsam  ,94818,Toronto,89,6,75,50,100,,75,75,2017-04-30
56,pkraiker  ,94783,CANADA,,,50,50,25,25,25,25,2017-03-24
57,rtd8450  ,94753,"Wasaga Beach, ON, Canada",80,,100,75,50,50,0,0,2017-03-24
58,KingMatQC  ,93139,"Mascouche, QC, Canada",115,3,100,100,100,100,100,100,2017-02-16
59,ezpower  ,94704,"Saint-Jerome, QC, Canada",114,7,,,,,,,2017-02-16
60,edugas  ,94411,"Montreal, QC, Canada",87,5,,,,,,,2017-01-10
61,shan520  ,94571,undisclosed location,,,,,,,,,2016-12-05
62,fruitkiller  ,94324,"Jonquiere, QC, Canada",80,,100,100,75,0,100,75,2016-12-05
63,dv8  ,94477,m4y1ks,,,,,,,,,2016-10-29
64,TheRedKnight  ,94441,J7V,120,3,100,25,100,50,100,100,2016-10-29
65,siljaline  ,32321,"Montreal, QC",68,2,25,0,50,25,50,25,2016-09-23
66,mikefallen  ,94122,"Scarborough, ON, Canada",68,,50,100,100,0,0,50,2016-09-23
67,p0nk1n  ,94289,"Saint-Jerome, QC, Canada",98,3,100,100,100,,100,75,2016-08-17
68,Jason1978  ,94247,"Val-Des-Monts, QC, Canada",80,,,,,,,,2016-08-17
69,dandu3  ,94240,"Granby, QC",92,4,50,75,100,75,75,100,2016-08-17
70,Thane_Bitter  ,73644,undisclosed location,,9,0,0,0,0,0,0,2016-07-12
71,nostrand  ,94150,"Laval, QC, Canada",70,,100,100,100,75,75,100,2016-07-12
72,BriEE  ,93718,undisclosed location,140,3,50,25,100,50,75,,2016-06-05
73,telserv  ,24682,"Thornhill, ON, Canada",30,7,25,25,0,0,25,25,2016-06-05
74,Valendite  ,94010,"Windsor, ON, Canada",67,5,50,100,100,,25,0,2016-06-05
75,beedle2  ,93468,"East York, ON, Canada",120,3,75,100,100,100,50,50,2016-04-30
76,pazzle  ,93920,"Montreal, QC, Canada",120,5,75,75,50,0,0,25,2016-04-30
77,techiedude  ,93895,"Richmond, ON, Canada",150,3,100,100,100,0,100,100,2016-03-24
78,sensguy09  ,93893,"Sault Ste Marie, ON, Canada",180,120,,,,,,,2016-03-24
79,singerie3  ,93177,"Saint-Constant, QC, Canada",172,,100,100,100,100,100,75,2016-03-24
80,coachmorin  ,93755,"Sherbrooke, QC, Canada",,,,,,,,,2016-02-16
81,wrick9  ,93635,"L'Assomption, QC, Canada",120,10,50,75,100,0,25,25,2016-01-11
82,adisor19  ,93626,"Saint-Constant, QC, Canada",60,7,75,50,100,25,,50,2016-01-11
83,MXB  ,76208,"Burlington, ON, Canada",55,,50,100,100,75,75,0,2015-12-05
84,jaysi  ,93469,"Kitchener, ON, Canada",,2,50,75,75,,75,50,2015-12-05
85,shubrown  ,93383,undisclosed location,75,,75,75,75,0,,0,2015-10-30
86,secotton  ,60505,"North York, ON, Canada",65,,50,25,75,0,0,50,2015-09-23
87,undeclared  ,93245,undisclosed location,172,3,100,100,100,50,50,50,2015-09-23
88,zzq4343  ,92929,canada,180,4,50,50,25,25,0,0,2015-09-23
89,daeron  ,93170,Ottawa,90,7,100,75,100,100,100,75,2015-09-23
90,lorcas  ,93121,"Montreal, QC, Canada",91,,75,100,100,0,50,0,2015-08-18
91,derpinternet  ,92937,"North York, ON, Canada",95,5,0,75,100,75,25,25,2015-07-12
92,chriscanxp  ,92869,"Dundas, ON, Canada",90,2,,,,,,,2015-06-06
93,riksterinto  ,92682,"Toronto, ON, Canada",100,,75,50,25,0,50,25,2015-04-30
94,jimgeo68  ,92676,"Pierrefonds, QC, Canada",56,,,,,,,,2015-04-30
95,gyp_sy  ,83340,undisclosed location,60,7,75,75,100,,75,25,2015-03-25
96,jessegr  ,54905,"Kanata, ON, Canada",45,7,25,50,75,0,25,0,2015-03-25
97,ZZink  ,29046,Etobicoke,150,8,25,100,25,25,25,0,2015-02-16
98,Abilek  ,92362,"Harrow, ON, Canada",47,,50,75,75,0,50,25,2015-02-16
99,Mister_E  ,72241,"Etobicoke, ON, Canada",55,,75,50,100,25,25,0,2015-01-11
100,xtreme911  ,55922,"Brampton, ON, Canada",45,,50,50,50,50,50,50,2015-01-11
101,kd2he  ,92198,M5V1K5,63,1,50,75,50,50,50,50,2015-01-11
102,SpyV  ,91487,"Petawawa, ON, Canada",60,,,,,,,,2015-01-11
103,Hot Summer  ,92150,Canada,74,7,50,100,75,50,75,25,2014-12-05
104,Max22258  ,92016,"Vankleek Hill, ON, Canada",68,4,,,,,,,2014-10-30
105,TannerRyan  ,91270,"Hamilton, ON, Canada",102,,25,50,0,0,50,25,2014-09-23
106,bosephus  ,44865,"Smiths Falls, ON, Canada",,,50,25,25,0,50,50,2014-09-23
107,Terrific  ,75494,"Cobourg, ON, Canada",40,,50,25,75,0,25,25,2014-08-18
108,f00dMonsta  ,91231,Canada,60,,0,0,0,0,0,0,2014-08-18
109,miKnutty  ,91526,"Niagara Falls, ON, Canada",75,,0,0,0,0,0,0,2014-07-12
110,W16  ,59577,"Foxboro, ON, Canada",34,4,0,25,75,0,0,0,2014-06-06
111,Bagnon  ,72001,"St Catharines, ON, Canada",53,,25,25,25,25,25,25,2014-04-30
112,pebkac  ,87084,undisclosed location,,,75,100,100,50,75,50,2014-04-30
113,sunday8pm  ,87476,undisclosed location,114,10,0,25,100,25,25,25,2014-03-25
114,adwanmu  ,89497,"Hoboken, Hudson, NJ, USA",65,,100,75,100,75,50,0,2014-03-25
115,thejames  ,89856,"Whitby, ON, Canada",50,,50,75,100,50,75,75,2014-03-25
116,rewket  ,40115,"Longueuil, QC, Canada",50,1,75,75,100,0,100,100,2014-02-16
117,doc67  ,89473,"Coldwater, ON, Canada",75,,,,,,,,2014-02-16
118,mligeza7  ,67783,"Smiths Falls, ON, Canada",95,,50,50,75,50,75,75,2014-01-10
119,Kardinal  ,32715,N of 49th,49,4,50,50,75,25,50,0,2014-01-10
120,qzcgd  ,89048,canada,125,7,100,75,75,0,100,75,2013-12-05
121,Mr_Newb  ,88876,"Montreal, QC, Canada",64,3,0,75,100,25,0,0,2013-12-05
122,Bye internet  ,88768,canada,,,0,0,0,0,0,0,2013-10-29
123,epy0nxl  ,88730,"Markham, ON, Canada",65,,50,75,100,0,50,0,2013-10-29
124,Beaugrand  ,88718,"Acton Vale, QC, Canada",60,999,50,50,0,0,0,0,2013-10-29
125,stephen d8  ,54211,"Laval, QC, Canada",35,10,50,50,25,25,25,25,2013-10-29
126,Soiduts  ,64960,Ontario,35,6,0,0,0,0,0,0,2013-09-23
127,XR999  ,81222,"Peterborough, ON, Canada",50,,0,0,100,0,25,25,2013-09-23
128,mand  ,84263,"Chicoutimi, QC, Canada",50,7,75,50,100,75,75,75,2013-08-17
129,jonjaques  ,87981,"Brantford, ON, Canada",,5,50,75,100,25,,50,2013-07-12
130,allan_london  ,87701,"London, ON, Canada",45,,,,,,,,2013-06-05
131,Amou  ,87482,"Guelph, ON, Canada",45,7,100,100,100,100,100,0,2013-04-30
132,raphzugen  ,87423,"Quebec, QC, Canada",150,,50,100,100,100,100,75,2013-04-30
133,docbill  ,58463,"Stoney Creek, ON, Canada",65,5,75,100,25,75,75,0,2013-04-30
134,toro  ,86393,"North York, ON, Canada",57,3,100,100,100,100,100,75,2013-03-24
135,maxboha  ,85986,"Acton Vale, QC, Canada",70,700,50,0,75,25,50,50,2013-02-16
136,beoneradio  ,86897,"Laval, QC, Canada",56,,0,50,75,0,0,0,2013-02-16
137,Furious1964  ,82426,"Dorval, QC, Canada",143,,0,0,0,0,0,0,2013-02-16
138,crumbworks  ,72605,"North York, ON, Canada",36,,25,25,75,0,25,50,2013-02-16
139,Tristan  ,81118,"Ottawa, ON, Canada",,,0,0,0,0,0,0,2013-02-16
140,virago83  ,86786,"Osgoode, ON, Canada",53,5,,,,,,,2013-02-16
141,HackneyB  ,86604,Canada,110,,75,50,100,75,25,75,2013-01-10
142,maats  ,86415,"Frankford, ON, Canada",49,7,75,25,100,100,100,75,2013-01-10
143,waynecbaker  ,47662,"Hamilton, ON, Canada",50,7,75,75,100,75,75,75,2012-12-05
144,ns1225  ,80391,"Montreal, QC, Canada",52,3,100,100,100,100,75,25,2012-12-05
145,judgeprophet  ,86216,"Delson, QC, Canada",39,,75,75,50,75,50,0,2012-12-05
146,Jack_Bauer  ,85216,"Boisbriand, QC, Canada",62,,100,100,100,100,100,100,2012-12-05
147,skullan3  ,86110,canada,62,,50,50,75,25,25,0,2012-12-05
148,(hidden by request) ,,L4g 7,140,,0,75,25,75,25,0,2012-12-05
149,ginternet  ,86025,"Scarborough, ON, Canada",60,,50,75,50,75,50,50,2012-10-29
150,UK_Dave  ,80463,"Powassan, ON, Canada",60,,50,50,25,0,0,0,2012-10-29
151,KC1215  ,85821,"Mississauga, ON, Canada",63,,25,75,75,0,25,75,2012-09-23
152,saeedonweb  ,85614,"Scarborough, ON, Canada",64,,100,100,50,50,75,25,2012-09-23
153,againstwall  ,85374,"Laval, QC, Canada",55,,75,100,75,0,25,0,2012-09-23
154,fspilot  ,85370,"Scarborough, ON, Canada",63,6,75,75,100,50,75,50,2012-08-17
155,Reboot123  ,85214,"Montreal-Nord, QC, Canada",45,,75,100,25,0,25,25,2012-07-12
156,ajhaji  ,58017,"North York, ON, Canada",,,100,50,75,75,25,50,2012-07-12
157,ruggs  ,85051,Ontario,67,,50,50,100,100,75,25,2012-07-12
158,sas  ,84634,"Scarborough, ON, Canada",61,5,25,100,75,50,25,25,2012-06-05
159,cloud8521  ,73229,"Scarborough, ON, Canada",150,,25,75,75,25,75,0,2012-06-05
160,BliZZardX  ,31305,"Toronto, ON, Canada",54,2,25,25,25,100,100,50,2012-06-05
161,(hidden by request) ,,H2X1V,53,,75,0,0,0,25,75,2012-06-05
162,Zero Gravity  ,47192,Top Floor,,,0,0,0,0,0,0,2012-04-30
163,Rifleman  ,43703,p1a,70,1,0,75,25,50,50,75,2012-02-16
164,xfinisherx  ,81508,undisclosed location,47,,50,50,0,0,0,0,2012-02-16
165,thebaron  ,41354,"Orleans, ON, Canada",55,14,0,0,0,0,0,0,2012-02-16
166,mrhud  ,68088,"Hudson, QC, Canada",50,,50,75,75,75,75,75,2012-01-11
167,rockstar71  ,83645,"London, ON, Canada",70,,0,0,0,25,0,0,2012-01-11
168,Cposer  ,80490,"Ottawa, ON, Canada",50,,0,25,0,25,0,0,2012-01-11
169,Burdy90  ,83362,"Dutton, ON, Canada",,,50,75,0,25,0,0,2011-12-05
170,ITMChris  ,83333,"Kitchener, ON, Canada",,,50,0,0,0,0,0,2011-12-05
171,djbon2112  ,83200,"Burlington, ON, Canada",120,,50,50,25,50,50,25,2011-12-05
172,koopascooper  ,83069,"Wallaceburg, ON, Canada",,,25,0,0,0,0,0,2011-10-30
173,dwane1972  ,80365,"Pembroke, ON, Canada",60,,75,75,25,0,50,25,2011-10-30
174,iFly55  ,80549,canada,51,,50,50,75,75,75,75,2011-10-30
175,DraconicOne  ,82885,"Etobicoke, ON, Canada",59,18,50,0,25,0,25,0,2011-10-30
176,bitablespore  ,82782,"Mississauga, ON, Canada",54,8,75,0,100,75,75,75,2011-09-23
177,TwentyMBPS  ,65336,"Toronto, ON, Canada",62,7,0,50,100,0,50,0,2011-09-23
178,weaslenes  ,67396,"Brantford, ON, Canada",44,,75,75,100,50,50,50,2011-09-23
179,RexRonso  ,82449,"Grimsby, ON, Canada",60,3,0,25,25,25,0,0,2011-08-18
180,smallj53  ,82461,"Niagara Falls, ON, Canada",50,3,25,0,50,25,50,25,2011-08-18
181,navros  ,70705,"Orleans, ON, Canada",20,,75,100,100,25,50,100,2011-07-12
182,misternox  ,82165,"Montreal, QC, Canada",43,10,100,100,100,50,75,50,2011-07-12
183,Timekiller11  ,82041,"Boucherville, QC, Canada",50,10,50,0,0,0,0,0,2011-07-12
184,WEBnut  ,82029,"Belmont, ON, Canada",3390,4,100,100,100,75,100,75,2011-07-12
185,rainor94  ,81438,undisclosed location,65,,0,0,0,0,0,0,2011-07-12
186,Minus1  ,81948,"Scarborough, ON, Canada",,,0,0,0,0,0,0,2011-07-12
187,DKS  ,27174,"Owen Sound, ON, Canada",55,10,100,100,100,75,100,100,2011-07-12
188,AndyFactor  ,81716,undisclosed location,,,50,75,100,0,25,0,2011-06-06
189,redrain85  ,81688,Canada,66,,75,75,50,0,25,0,2011-06-06
190,darius_n  ,81652,"Pointe-Claire, QC, Canada",50,,100,50,25,50,25,50,2011-06-06
191,Bootsmom  ,80789,"Ottawa, ON, Canada",112,1,100,100,100,50,100,50,2011-06-06
192,dgass  ,81539,"Etobicoke, ON, Canada",,,50,50,25,0,25,0,2011-06-06
193,Drekor  ,79957,"Pembroke, ON, Canada",84,7,75,75,50,50,0,0,2011-04-30
194,redgrandam  ,81385,"London, ON, Canada",30,,25,50,0,0,0,25,2011-04-30
195,BobCat67  ,81351,"Havelock, ON, Canada",55,3,0,50,25,0,0,0,2011-04-30
196,Neptune53  ,81279,"Cambridge, ON, Canada",55,,0,50,0,0,0,0,2011-04-30
197,lacalau  ,77041,Canada,72,4,25,25,25,0,0,0,2011-04-30
198,crt  ,81253,"Kitchener, ON, Canada",40,7,0,0,0,0,0,0,2011-04-30
199,Seb8517  ,78975,"Sainte-Marthe-Sur-Le-Lac, QC, Canada",43,60,75,75,75,75,75,75,2011-04-30
200,Packet Loss  ,74854,"Brossard, QC, Canada",75,,0,0,0,0,0,0,2011-04-30
201,Radiowave  ,80421,"Sault Ste Marie, ON, Canada",34,6,0,0,0,0,0,0,2011-04-30
202,anh2  ,81083,"Brampton, ON, Canada",2,,50,50,0,0,0,0,2011-03-25
203,main3  ,81058,"Gatineau, QC, Canada",,,75,50,50,0,0,0,2011-03-25
204,(hidden by request) ,,l2r6p,74,,25,50,0,25,50,25,2011-03-25
205,dragonmama  ,78584,"Smiths Falls, ON, Canada",110,,25,75,50,0,0,0,2011-03-25
206,Tig  ,56861,"Carrying Place, ON, Canada",,,,,,,,,2011-03-25
207,Dog_Pound  ,80849,"Limoges, ON, Canada",122,,50,50,0,0,0,0,2011-03-25
208,hotspikes  ,80799,"Toronto, ON, Canada",50,3,50,75,50,75,25,50,2011-03-25
209,phllbit  ,71683,"Owen Sound, ON, Canada",50,7,0,0,0,0,0,0,2011-03-25
210,WNGFAN 1  ,80699,"Leamington, ON, Canada",45,7,,,,,,,2011-03-25
211,jdgodfrey  ,79399,"North York, ON, Canada",,,75,0,100,100,100,75,2011-02-16
212,living87  ,80610,"Dashwood, ON, Canada",,,0,0,50,0,0,0,2011-02-16
213,nanook  ,68047,undisclosed location,47,5,25,50,75,0,0,0,2011-02-16
214,Gabidg112  ,72980,"Gatineau, QC, Canada",45,,0,0,0,0,0,0,2011-02-16
215,Nailbag  ,64551,"London, ON, Canada",40,60,25,0,,0,0,0,2011-02-16
216,JimmyJamba  ,80558,"Ottawa, ON, Canada",46,,25,50,75,0,0,0,2011-02-16
217,nli07  ,80547,"Etobicoke, ON, Canada",60,,25,25,50,25,0,0,2011-02-16
218,corster  ,77221,"Ottawa, ON, Canada",59,,50,50,25,0,25,25,2011-02-16
219,BadService7  ,68110,"Montreal, QC, Canada",80,10,25,50,75,0,0,0,2011-02-16
220,rijswijk  ,68449,Canada,52,1,0,50,50,0,50,0,2011-02-16
221,teletone  ,80414,"Toronto, On",73,,25,50,75,0,50,25,2011-02-16
222,sharper  ,80362,"Montreal, QC, Canada",100,,25,75,50,0,0,0,2011-02-16
223,wikkedwicky5  ,80321,"Kingston, ON, Canada",100,,0,0,0,,0,0,2011-02-16
224,ironsight200  ,79318,undisclosed location,,,,,,,,,2011-02-16
225,asudol  ,80227,"Peterborough, ON, Canada",42,5,50,75,0,25,25,25,2011-02-16
226,rizzler  ,75443,canada,39,3,100,100,100,100,100,100,2011-01-11
227,songeur  ,79961,J0K-2L0,,,50,25,0,0,0,0,2011-01-11
228,mmcclure2  ,79948,"Pincourt, QC, Canada",44,,75,75,75,0,75,25,2011-01-11
229,Maxh91  ,75030,undisclosed location,55,,50,75,100,75,50,75,2011-01-11
230,(hidden by request) ,,h2v4g,46,,50,75,75,50,25,25,2011-01-11
231,leeanne172  ,79713,Toronto Ont,65,,,,,,,,2011-01-11
232,alwaysbored  ,79580,"Markham, ON, Canada",,,50,25,100,75,50,50,2010-12-05
233,zipperhead  ,79377,"Markham, ON, Canada",,,0,25,50,0,0,0,2010-12-05
234,funny_one  ,79357,"Rockland, ON, Canada",50,5,100,100,100,100,100,100,2010-12-05
235,Bloodlessend  ,79321,"Peterborough, ON, Canada",120,30,25,75,50,25,25,0,2010-12-05
236,zacron  ,79284,"Dundas, ON, Canada",88,22,0,0,0,0,0,0,2010-10-30
237,DrAkO  ,60810,"Montreal-Nord, QC, Canada",44,1,75,100,100,100,100,50,2010-10-30
238,axeman666  ,78919,"Toronto, ON, Canada",116,9,,,,,,,2010-09-23
239,vzero8  ,78880,"Scarborough, ON, Canada",,,75,100,75,75,75,25,2010-09-23
240,UpsetGuru  ,78797,canada,55,7,0,0,0,0,0,0,2010-09-23
241,matrix452  ,78650,undisclosed location,,,0,0,0,0,0,0,2010-09-23
242,FiReSTaRT  ,78633,Canada,49,7,25,25,50,0,0,0,2010-08-18
243,cableworm  ,78347,"York, ON, Canada",70,,0,0,0,0,0,0,2010-08-18
244,Conner03  ,63804,"Whitby, ON, Canada",30,14,75,75,100,75,50,100,2010-08-18
245,chex383  ,78369,"Montreal, QC, Canada",55,,50,25,50,50,25,25,2010-08-18
246,MathieuB  ,78246,"Montreal, QC, Canada",50,5,75,100,75,100,75,50,2010-07-12
247,Stephanie68  ,42073,"Welland, ON, Canada",44,7,50,75,75,25,25,50,2010-07-12
248,squircle  ,78205,"Oakville, ON, Canada",55,1,50,100,100,25,75,50,2010-07-12
249,Anzio  ,75469,"Innisfil, ON, Canada",35,1,25,100,25,50,25,75,2010-07-12
250,mary2010  ,77927,"Mississauga, ON, Canada",76,,50,0,75,0,25,0,2010-06-06
251,drcliffs  ,77788,"Oakville, ON, Canada",,,,,,,,,2010-06-06
252,CS Centurion  ,77694,"Scarborough, ON, Canada",,,,,,,,,2010-06-06
253,Martin  ,50236,"Quebec, QC, Canada",,,100,100,100,100,100,100,2010-06-06
254,jsmaster  ,77377,"Anjou, QC, Canada",135,3,,,,,,,2010-04-30
255,tayls  ,19430,"Lindsay, ON, Canada",,8,100,75,100,100,100,0,2010-03-25
256,dreamer_cast  ,77117,"Holland Landing, ON, Canada",70,2,,,,,,,2010-03-25
257,OperaG  ,77048,"Montreal, QC, Canada",45,,75,75,50,25,75,50,2010-03-25
258,dah1  ,77014,"Etobicoke, ON, Canada",57,3,50,75,25,50,75,50,2010-03-25
259,gigantor28  ,77011,"Markham, ON, Canada",64,,50,50,25,50,25,0,2010-03-25
260,renton  ,29324,"Toronto, ON, Canada",50,2,75,75,100,75,50,0,2010-03-25
261,jj_frap  ,71558,undisclosed location,40,,0,0,0,0,0,0,2010-03-25
262,hormonx  ,71021,Canada,55,14,75,75,100,50,75,50,2010-03-25
263,pgfox46  ,76872,"Brampton, ON, Canada",74,,75,75,0,50,0,0,2010-02-16
264,imagonex  ,76855,canada,,,,,,,,,2010-02-16
265,AlmostBroke  ,76853,undisclosed location,53,,25,50,100,25,100,25,2010-02-16
266,avatart0ph  ,76844,"Etobicoke, ON, Canada",50,,75,50,0,25,0,0,2010-02-16
267,Grizlurk1  ,76793,"Alfred, ON, Canada",90,7,75,100,75,75,100,75,2010-02-16
268,billspicer  ,76623,N9G-2C9,52,10,50,50,75,25,50,50,2010-02-16
269,VHS  ,75796,"Scarborough, ON, Canada",34,7,0,0,0,0,0,0,2010-02-16
270,XanderLo  ,31389,"Boucherville, QC, Canada",32,5,100,75,100,75,50,100,2010-01-10
271,kvnpark  ,63276,"North York, ON, Canada",45,,50,75,50,0,25,0,2010-01-10
272,munky99999  ,76441,canada,55,,0,25,50,0,0,0,2010-01-10
273,graniterock  ,59440,"London, ON, Canada",48,30,50,0,100,50,75,25,2010-01-10
274,mikesirius9  ,76292,"Saint-Ambroise, QC, Canada",33,,100,100,100,,50,100,2010-01-10
275,arthur5005  ,76277,Canada,35,,0,0,0,0,0,0,2010-01-10
276,J E F F4  ,42726,"Kitchener, ON, Canada",37,2,100,100,50,0,50,50,2010-01-10
277,Kringle1  ,41877,"Pierrefonds, QC, Canada",31,2,100,100,75,100,75,50,2009-12-05
278,gramps2eight  ,75982,"Windsor, ON, Canada",,,,,,,,,2009-12-05
279,EC4  ,64168,"York, ON, Canada",52,5,0,0,100,0,0,0,2009-12-05
280,Four Eyes  ,75902,Canada,,,,,,,,,2009-12-05
281,(hidden by request) ,,"Toronto, ON, Canada",,,100,100,100,100,100,100,2009-12-05
282,speckledfrog  ,75747,"Orangeville, ON, Canada",57,4,50,50,25,25,25,25,2009-12-05
283,quanta  ,29562,"Toronto, ON, Canada",45,15,100,25,100,100,75,50,2009-10-29
284,Talon88  ,71086,Toronto,30,,25,50,50,50,50,0,2009-09-23
285,jwillisbarri  ,61627,"Barrie, ON, Canada",50,7,50,75,100,0,75,75,2009-09-23
286,kragop  ,57555,"Scarborough, ON, Canada",50,,50,100,50,0,25,50,2009-09-23
287,JHeuer  ,75254,"Brampton, ON, Canada",,3,25,75,50,0,0,0,2009-09-23
288,Noname9  ,75241,"Etobicoke, ON, Canada",,,0,0,75,0,25,0,2009-09-23
289,ma ,,"Saint-Louis-De-Gonzague, QC, Canada",25,,25,25,100,50,50,75,2009-09-23
290,MacGyver  ,25330,"Orleans, ON, Canada",40,4,50,0,100,0,0,0,2009-09-23
291,happysavvy  ,75115,"Waterloo, ON, Canada",52,,0,100,75,0,0,0,2009-09-23
292,shighfield  ,75018,"Scarborough, ON, Canada",83,,,,,,,,2009-09-23
293,mattb9432  ,74997,"Etobicoke, ON, Canada",43,,0,0,50,50,0,0,2009-09-23
294,(hidden by request) ,,"New York, New York, NY, USA",,,50,50,25,0,0,25,2009-08-17
295,onlyrh40  ,70362,"North York, ON, Canada",35,14,75,100,100,100,0,0,2009-08-17
296,ChampUz  ,74855,"Mississauga, ON, Canada",,,0,0,0,0,0,0,2009-08-17
297,knothead  ,68908,"London, ON, Canada",45,18,0,25,75,0,25,50,2009-08-17
298,fl106c  ,74797,"Blainville, QC, Canada",59,10,75,75,100,75,75,75,2009-08-17
299,homer729  ,74516,"York, ON, Canada",45,30,25,75,75,0,0,0,2009-08-17
300,kami147  ,74714,"Scarborough, ON, Canada",99999,999,0,0,0,0,0,0,2009-08-17
301,jc128842  ,74615,"Mississauga, ON, Canada",,,50,25,0,0,0,0,2009-08-17
302,WaitForGodot  ,72471,"Gloucester, ON, Canada",68,,0,0,0,0,0,0,2009-07-12
303,MarkAW  ,70168,Canada,44,4,0,0,0,0,0,0,2009-07-12
304,anony_moose  ,74532,"North York, ON, Canada",55,,25,50,0,0,0,0,2009-07-12
305,Keaters  ,72321,"Chatham, ON, Canada",29,120,100,0,100,75,75,100,2009-07-12
306,Justfiona  ,35293,"Scarborough, ON, Canada",55,150,75,50,75,0,25,25,2009-07-12
307,jonana  ,16567,"Saint-Laurent, QC, Canada",45,7,25,0,50,0,0,50,2009-07-12
308,Ian1  ,29329,"Shelburne, ON, Canada",45,10,50,50,50,25,50,50,2009-07-12
309,olic  ,59104,"Laval, QC, Canada",36,4,75,100,100,50,75,75,2009-06-05
310,Peeping_Tom  ,69905,"London, ON, Canada",,,25,100,100,25,0,0,2009-06-05
311,Zyzomys  ,73841,"Cantley, QC, Canada",46,5,25,100,100,100,50,25,2009-06-05
312,exchange99  ,73739,"Etobicoke, ON, Canada",50,,25,75,25,0,0,25,2009-06-05
313,regaudio  ,73778,"Odessa, ON, Canada",40,10,50,25,100,25,50,25,2009-04-30
314,morbidasperg  ,73734,"Quebec, QC, Canada",46,2,50,75,75,0,25,25,2009-04-30
315,maelharris  ,73556,"Guelph, ON, Canada",44,7,50,50,0,0,0,0,2009-04-30
316,Bell_Abused  ,58124,undisclosed location,,,0,0,0,0,0,0,2009-04-30
317,a1_Andy  ,73272,"Campbellford, ON, Canada",48,3,0,25,0,0,0,0,2009-03-24
318,PygmySurfer  ,73271,"Windsor, ON, Canada",47,,50,75,100,0,25,0,2009-03-24
319,nickvd  ,73219,"Hamilton, ON, Canada",90,5,0,50,50,0,50,0,2009-03-24
320,mikeypas5  ,73173,"Westmount, QC, Canada",50,,25,25,0,0,0,0,2009-03-24
321,Quiane  ,66518,"Guelph, ON, Canada",44,,0,0,0,0,0,0,2009-03-24
322,slishnevsky  ,59487,undisclosed location,50,,0,0,0,0,0,0,2009-03-24
323,Madwand  ,73090,"Toronto, ON, Canada",47,3,75,75,100,50,50,0,2009-03-24
324,ed_scott0013  ,73002,"Ottawa, ON, Canada",45,30,75,0,25,25,0,25,2009-03-24
325,Dslam8  ,61153,Canada,35,5,100,100,50,0,75,25,2009-03-24
326,Cozman99  ,72672,"North York, ON, Canada",52,10,50,75,75,100,100,25,2009-02-16
327,Universe  ,72561,"Ottawa, ON, Canada",68,,50,50,75,0,25,0,2009-02-16
328,mycomputers  ,72547,"Markham, ON, Canada",47,3,75,75,50,0,0,0,2009-02-16
329,bmw396  ,61288,"Montreal-Ouest, QC, Canada",49,,0,0,75,0,0,0,2009-02-16
330,obijuan49  ,72494,"Waterloo, ON, Canada",65,180,25,75,0,50,0,0,2009-02-16
331,SNIPER_WOLF  ,72455,"North York, ON, Canada",,4,75,100,100,50,50,50,2009-02-16
332,redrabbit  ,65447,"Guelph, ON, Canada",56,,50,50,75,50,50,50,2009-02-16
333,drhaller  ,72306,"Stratford, ON, Canada",55,5,75,75,100,0,50,25,2009-02-16
334,Rebellion  ,72403,"Belle River, ON, Canada",52,,50,25,100,0,0,50,2009-02-16
335,Cloob  ,72391,"Hamilton, ON, Canada",55,,50,75,50,0,0,25,2009-02-16
336,mary88  ,72345,"Toronto, ON, Canada",45,,,,,,,,2009-02-16
337,ricw  ,72089,"Scarborough, ON, Canada",,13,,25,50,25,25,,2009-02-16
338,JenSuisUn  ,63887,"Chatham, ON, Canada",21,4,50,100,100,50,50,50,2009-02-16
339,cyph0rg6  ,71284,"North York, ON, Canada",50,,25,25,50,0,25,0,2009-01-10
340,rndpews  ,72233,"Barrie, ON, Canada",58,14,50,25,100,0,50,0,2009-01-10
341,Alfalfa Hay  ,13159,Area 51,,,50,50,50,0,50,50,2009-01-10
342,Cand 6 2 1  ,62599,"Windsor, ON, Canada",,,0,0,0,0,0,0,2009-01-10
343,duke1968  ,72065,"Marathon, ON, Canada",,,0,0,,0,,,2009-01-10
344,(hidden by request) ,,N7S6E,,,75,75,100,100,100,50,2009-01-10
345,Pughball  ,29242,"Chatham, ON, Canada",45,,0,0,0,0,0,0,2009-01-10
346,AkFubar  ,57598,Toronto CAN.,53,5,0,25,50,0,0,0,2009-01-10
347,denlenard  ,71966,"Gatineau, QC, Canada",26,5,75,100,75,75,75,75,2009-01-10
348,daddiojiggy  ,71932,"Burlington, ON, Canada",,,,,,,,,2009-01-10
349,erfans  ,71895,"Scarborough, ON, Canada",,,0,75,75,0,0,0,2009-01-10
350,Axanon  ,71923,"Milton, ON, Canada",,,25,0,50,0,0,25,2009-01-10
351,jmcnab  ,71918,"Richmond Hill, ON, Canada",60,,25,0,50,0,50,50,2009-01-10
352,glenel  ,48753,"Pointe-Claire, QC, Canada",40,8,50,0,0,25,25,0,2009-01-10
353,xviperx26  ,71885,undisclosed location,29,,50,75,100,50,50,75,2009-01-10
354,Hydraglass  ,71708,"Kingston, ON, Canada",51,9,50,75,100,75,75,50,2008-12-05
355,parev  ,71701,"Montreal, QC, Canada",40,,75,75,50,25,25,25,2008-12-05
356,jstreutker  ,71673,"Georgetown, ON, Canada",48,3,100,75,75,50,50,75,2008-12-05
357,mgee7  ,71633,"Montreal, QC, Canada",49,20,0,0,0,0,0,0,2008-12-05
358,SJP314  ,40741,"London, ON, Canada",44,5,75,100,100,50,100,100,2008-12-05
359,Kaloni  ,68786,"Stittsville, ON, Canada",80,,0,50,25,25,0,0,2008-12-05
360,mtc46jw8  ,71549,"Sudbury, ON, Canada",52,,25,50,50,0,0,0,2008-12-05
361,decx  ,44373,"Scarborough, ON, Canada",61,7,50,50,25,50,0,0,2008-12-05
362,fiestaware  ,68073,"Montreal, QC, Canada",40,,0,25,0,0,25,25,2008-12-05
363,paulgb  ,59072,"Mississauga, ON, Canada",53,,25,100,100,25,100,75,2008-12-05
364,iGloo  ,71462,undisclosed location,30,5,25,50,50,0,0,50,2008-12-05
365,Jeffer71  ,71341,"Cambridge, ON, Canada",50,20,25,0,75,0,0,0,2008-12-05
366,browntyger  ,71351,undisclosed location,50,,25,25,75,25,25,0,2008-12-05
367,CigaR4  ,47131,undisclosed location,,8,25,25,100,50,25,0,2008-12-05
368,blueflame  ,71320,"Wellandport, ON, Canada",40,,50,75,25,50,25,25,2008-12-05
369,okla7788  ,71315,"Oakville, ON, Canada",39,14,100,0,75,25,50,0,2008-12-05
370,audiofool  ,65464,London Ont,29,,50,50,75,0,0,0,2008-10-29
371,tullvis  ,71229,"North York, ON, Canada",,,100,0,0,0,0,0,2008-10-29
372,Crumbs  ,71204,"Chateauguay, QC, Canada",45,10,50,50,50,25,50,50,2008-10-29
373,Mark Z  ,68175,undisclosed location,,5,0,0,0,0,0,0,2008-10-29
374,Admiral Mike  ,61770,"Hamilton, ON, Canada",45,5,25,75,75,25,75,25,2008-10-29
375,q12345  ,71144,"North York, ON, Canada",50,12,50,75,100,25,25,25,2008-10-29
376,matradley  ,36865,"Ottawa, ON",34,12,0,50,100,0,0,0,2008-10-29
377,DoctorBunsen  ,71106,"Montreal, QC, Canada",60,2,50,75,100,25,25,0,2008-10-29
378,d25m03p  ,68435,"Brockville, ON, Canada",57,,,,100,,25,0,2008-10-29
379,Chocolinx  ,71060,"North York, ON, Canada",25,5,50,100,75,100,75,75,2008-10-29
380,techguru6  ,70965,"Montreal, QC, Canada",36,100,75,75,100,25,75,50,2008-10-29
381,drawmada  ,70942,"Salaberry-De-Valleyfield, QC, Canada",70,,50,25,25,0,25,0,2008-10-29
382,jbaskette  ,60261,"London, ON, Canada",50,,0,50,100,0,0,0,2008-09-23
383,Robert  ,27278,"South Dildo, NL, Canada",45,1,100,50,100,100,100,100,2008-09-23
384,DJMASACRE  ,70778,"Nepean, ON, Canada",,,0,0,0,0,0,0,2008-09-23
385,jyeung  ,70639,"North York, ON, Canada",50,,75,75,100,25,75,25,2008-09-23
386,mQQsehead  ,40903,"Carleton Place, ON, Canada",44,8,100,100,100,100,100,100,2008-09-23
387,LittleStone  ,70557,"Ottawa, ON, Canada",50,5,50,50,75,0,50,25,2008-09-23
388,grayfox  ,65773,"Whitby, ON, Canada",50,3,50,0,75,75,25,25,2008-09-23
389,Stall  ,70458,"Sarnia, ON, Canada",44,,50,75,50,50,50,25,2008-09-23
390,bullshifter  ,70441,"Hamilton, ON, Canada",,,,,,,,,2008-09-23
391,RCMP1234  ,70375,"Toronto, ON, Canada",35,,75,100,100,100,75,75,2008-09-23
392,Arghoslent  ,66298,"Scarborough, ON, Canada",82,14,50,50,75,25,25,0,2008-08-17
393,bimsC  ,70156,"Ottawa, ON, Canada",100,2,75,100,100,50,75,75,2008-08-17
394,JMJimmy  ,70100,"Kingston, ON, Canada",64,300,0,0,0,0,0,0,2008-08-17
395,RaZor Edge  ,67974,"Quebec, QC, Canada",50,,25,75,50,25,0,25,2008-08-17
396,PoeticEnd  ,69996,"Holland Landing, ON, Canada",61,,25,0,0,25,25,0,2008-08-17
397,Merkl  ,55802,"Montreal, QC, Canada",,,50,50,75,25,50,25,2008-08-17
398,andyb  ,44431,SW Ontario,59,4,25,50,50,25,0,0,2008-08-17
399,jrsaysbiteme  ,67123,"Fort Frances, ON, Canada",37,,25,75,0,0,0,0,2008-08-17
400,Devanchya  ,42974,"Pickering, ON, Canada",49,5,75,75,75,0,100,25,2008-07-12
401,jcan87  ,69503,"Gatineau, QC, Canada",45,2,75,100,100,50,100,100,2008-07-12
402,bushnerd0  ,69477,"Sault Ste Marie, ON, Canada",42,3,100,100,100,25,25,0,2008-07-12
403,chorner  ,69402,"Aurora, ON, Canada",,,50,100,100,100,75,75,2008-07-12
404,wonkaman2002  ,59625,"St Catharines, ON, Canada",60,16,100,0,0,0,0,0,2008-07-12
405,madtech9  ,69399,"Ottawa, ON, Canada",45,,,,,,,,2008-07-12
406,lorem101  ,69356,"Mississauga, ON, Canada",46,,0,50,100,0,0,25,2008-07-12
407,julianlam  ,58834,"Toronto, ON, Canada",50,14,25,25,50,0,0,0,2008-07-12
408,Slot Zero  ,68150,"Kingston, ON, Canada",75,21,0,0,75,0,0,0,2008-07-12
409,BCBoy0  ,69182,"Hawkesbury, ON, Canada",,,0,0,0,0,0,0,2008-07-12
410,digitaldave6  ,69132,"Montreal, QC, Canada",46,,50,50,25,0,25,25,2008-06-05
411,georgiee  ,69124,undisclosed location,,,100,0,0,0,25,25,2008-06-05
412,PapaDos  ,26988,"Lasalle, QC, Canada",42,,50,100,50,25,50,50,2008-06-05
413,creed3020  ,66736,"Pickering, ON, Canada",50,5,75,75,0,0,25,50,2008-06-05
414,Mephisto13  ,69067,"Gatineau, QC, Canada",35,,50,75,0,0,25,25,2008-06-05
415,JPhillip  ,69058,"Toronto, ON, Canada",39,5,100,100,100,75,100,75,2008-06-05
416,shopkins  ,69045,"Nepean, ON, Canada",45,,75,75,75,50,75,50,2008-06-05
417,corkyy  ,69046,"Laval, QC, Canada",34,4,0,100,0,0,0,0,2008-06-05
418,gdogg8  ,69036,"Oshawa, ON, Canada",74,30,0,0,0,0,0,0,2008-06-05
419,jnmontario  ,69028,"Smiths Falls, ON, Canada",50,16,75,50,25,50,75,50,2008-06-05
420,xvxmattxvx  ,68994,"East York, ON, Canada",80,6,25,100,100,0,25,0,2008-06-05
421,embassy  ,66596,"Montreal, QC, Canada",40,,,50,75,0,0,75,2008-06-05
422,syntaxerr0r  ,68963,"North York, ON, Canada",,,0,50,0,0,0,0,2008-06-05
423,wolfchen  ,68884,"London, ON, Canada",45,3,75,75,0,0,0,0,2008-06-05
424,P4C0  ,68853,"Quebec, Qc",30,15,25,0,75,0,25,50,2008-06-05
425,metalmaniac  ,68848,"Waterloo, ON, Canada",50,,50,50,50,25,25,0,2008-06-05
426,blackzero  ,66245,"Trois-Rivieres, QC, Canada",75,,0,0,25,0,0,0,2008-06-05
427,eor  ,28610,Canada,80,7,0,75,75,50,0,25,2008-06-05
428,norrab  ,68806,"Burlington, ON, Canada",47,10,50,75,75,50,25,0,2008-06-05
429,davidbrown9  ,53268,"Toronto, ON, Canada",44,,0,25,75,0,25,50,2008-06-05
430,boubou5  ,68796,"Saint-Leonard, QC, Canada",49,,0,25,0,25,25,0,2008-06-05
431,Brookieman  ,68768,"Nepean, ON, Canada",47,,50,25,75,75,25,0,2008-06-05
432,keepsake  ,68105,M1L,30,,75,50,100,0,25,100,2008-06-05
433,SkyRanger  ,68705,"Pembroke, ON, Canada",50,120,75,100,25,50,25,50,2008-06-05
434,wiggy86  ,68627,"Oshawa, ON, Canada",30,,0,0,50,0,0,0,2008-06-05
435,NefCanuck  ,64406,"Mississauga, ON, Canada",50,,75,50,50,75,50,50,2008-04-30
436,james1976  ,68536,"Hamilton, ON, Canada",49,,50,25,75,0,0,0,2008-04-30
437,dbenne00  ,66602,"Whitby, ON, Canada",47,,25,50,50,0,0,0,2008-04-30
438,annex18  ,68514,"London, ON, Canada",49,5,50,50,100,25,25,25,2008-04-30
439,chronoss20081  ,68450,"Peterborough, ON, Canada",55,7,0,25,25,0,0,0,2008-04-30
440,ssokolow4  ,68438,"Moonstone, ON, Canada",,,0,0,50,25,0,0,2008-04-30
441,basquiat6  ,68113,"Montreal, QC, Canada",38,,25,25,50,0,25,0,2008-04-30
442,ixiom  ,68418,"Hamilton, ON, Canada",50,,50,50,75,0,0,0,2008-04-30
443,snickersee  ,68404,XXXXXX,50,14,100,100,100,75,25,50,2008-04-30
444,shikhan  ,68158,"Ottawa, ON, Canada",40,,50,25,100,,50,25,2008-04-30
445,drbrain  ,68236,"Montreal, QC, Canada",40,,25,75,25,0,50,25,2008-04-30
446,justsometech  ,35650,"Aylmer, ON, Canada",40,,50,0,25,0,0,0,2008-04-30
447,orangelemon  ,68216,"Waterloo, ON, Canada",35,30,0,0,75,25,0,0,2008-04-30
448,KeithO  ,68212,"Mississauga, ON, Canada",,,50,50,75,50,25,25,2008-04-30
449,delius  ,66262,"Stouffville, ON, Canada",47,,0,0,100,0,0,0,2008-04-30
450,Sman52  ,46224,Toronto,45,2,0,0,0,0,0,0,2008-04-30
451,djforumsguy  ,65982,"Hamilton, ON, Canada",,21,0,0,0,0,0,0,2008-04-30
452,Sash55  ,65833,"Brampton, ON, Canada",50,1,0,0,0,0,0,0,2008-04-30
453,Phix  ,68145,"Quebec, QC, Canada",40,,50,50,75,75,75,75,2008-04-30
454,quickbeam  ,37091,undisclosed location,37,5,0,50,100,0,25,50,2008-04-30
455,quanin  ,68095,"Ottawa, ON, Canada",47,14,50,75,0,0,0,0,2008-04-30
456,ssherwood  ,46916,"Toronto, ON, Canada",44,5,0,0,0,0,0,0,2008-04-30
457,matt23  ,65646,"Barrie, ON, Canada",35,,0,0,0,0,0,0,2008-04-30
458,infoaddict  ,7780,"Thornhill, ON, Canada",50,7,75,75,25,25,,25,2008-04-30
459,Fed Up  ,59920,m4m2v,37,,25,50,75,25,0,25,2008-04-30
460,frank2029  ,68063,"Etobicoke, ON, Canada",,7,0,0,75,0,0,25,2008-04-30
461,ultracat  ,68059,"Toronto, ON, Canada",48,,0,50,0,0,0,0,2008-04-30
462,rdunne  ,68058,"Kingston, ON, Canada",45,,25,75,25,50,75,50,2008-04-30
463,tiredtechie  ,49167,"Toronto, ON, Canada",47,10,0,0,0,0,0,0,2008-04-30
464,Abattoir  ,68055,"Kingston, ON, Canada",40,3,75,100,75,25,25,50,2008-04-30
465,DrXenon  ,68050,"Kingston, ON, Canada",35,120,25,75,75,0,50,50,2008-04-30
466,(hidden by request) ,,"Quebec, QC, Canada",100,5,50,50,100,0,0,0,2008-04-30
467,Glen1  ,39609,GTA Canada,45,5,75,75,100,0,50,0,2008-04-30
468,tybeet2  ,60387,"Sherbrooke, QC, Canada",35,30,0,0,0,0,0,0,2008-04-30
469,aver  ,65951,"Kitchener, ON, Canada",50,,0,50,75,0,25,0,2008-04-30
470,aofe  ,57621,"North York, ON, Canada",40,,0,0,0,0,0,0,2008-04-30
471,qewey  ,64377,undisclosed location,50,,0,0,0,0,0,0,2008-04-30
472,Jabus  ,65463,"Mississauga, ON, Canada",,,0,0,0,0,0,0,2008-04-30
473,wasabi  ,68035,"Etobicoke, ON, Canada",,,0,0,0,0,0,0,2008-04-30
474,alec9  ,66039,"Ottawa, ON, Canada",49,,0,25,25,0,0,0,2008-04-30
475,faidwen7  ,68031,"London, ON, Canada",59,5,25,25,0,0,0,0,2008-04-30
476,stress6  ,63516,"North York, ON, Canada",34,,0,0,0,0,0,0,2008-04-30
477,d54860  ,68020,"Ottawa, ON, Canada",35,15,0,0,50,0,0,0,2008-04-30
478,anynomous  ,40680,montreal,40,,0,0,0,0,25,25,2008-04-30
479,Kennaley  ,68013,"Scarborough, ON, Canada",,,25,50,75,50,0,0,2008-04-30
480,page_fault  ,39351,"Markham, ON, Canada",60,3,0,0,50,0,0,0,2008-04-30
481,ethous  ,68003,"Gatineau, QC, Canada",55,7,0,0,0,0,0,0,2008-04-30
482,Shmore  ,47818,"Hamilton, ON, Canada",45,5,50,0,75,0,0,0,2008-03-24
483,Dr8ke1  ,67971,undisclosed location,50,,50,50,100,0,0,0,2008-03-24
484,Doci  ,67970,undisclosed location,55,5,0,0,0,0,0,0,2008-03-24
485,Frossty  ,44944,undisclosed location,42,5,0,0,0,0,0,0,2008-03-24
486,Groove9962  ,67962,m5n-,50,,0,0,0,0,0,0,2008-03-24
487,agent_667  ,67954,"St Catharines, ON, Canada",49,,50,50,0,0,0,0,2008-03-24
488,Steve Jobs  ,67952,"Scarborough, ON, Canada",47,6,25,50,50,25,0,0,2008-03-24
489,Sean8  ,41098,Toronto,44,12,0,25,0,0,0,0,2008-03-24
490,Raptor  ,56525,"Etobicoke, ON, Canada",32,7,0,75,25,0,0,0,2008-03-24
491,UT_CK  ,67910,undisclosed location,,,0,0,75,0,0,0,2008-03-24
492,ddrmanxbxfr  ,66437,Quebec,32,,75,50,100,75,75,50,2008-03-24
493,Adam20  ,62869,"Sarnia, ON, Canada",49,3,0,100,25,0,0,0,2008-03-24
494,BigSensFan  ,38266,"Marmora, ON, Canada",35,5,100,100,100,75,75,100,2008-03-24
495,Yonsil  ,67605,"Fort Erie, ON, Canada",85,1,100,100,100,0,50,50,2008-03-24
496,Don H7  ,67585,"Toronto, ON, Canada",45,,,,75,0,50,50,2008-03-24
497,smokezhard  ,67568,"Windsor, ON, Canada",55,,75,75,75,75,100,0,2008-03-24
498,highspeedguy  ,67513,undisclosed location,,,0,100,100,25,50,50,2008-03-24
499,pudgemuir  ,67480,"London, ON, Canada",46,5,50,50,75,25,50,75,2008-03-24
500,mr_scary  ,67449,"Montreal, QC, Canada",,,50,50,50,0,0,25,2008-03-24
501,PARriot5145  ,67403,"Kirkland, QC, Canada",60,,25,50,50,25,50,25,2008-03-24
502,afredus  ,66581,"Montreal, QC, Canada",52,,50,50,25,25,0,25,2008-03-24
503,j0hnlam  ,66020,"Windsor, ON, Canada",92,,0,0,25,0,0,0,2008-03-24
504,Vangelus  ,67343,"Verdun, QC, Canada",115,14,75,100,0,0,0,25,2008-03-24
505,Deadpool0  ,33436,Canada,49,4,75,75,75,50,75,75,2008-02-16
506,stamster  ,67249,"Brantford, ON, Canada",60,6,75,75,50,25,50,25,2008-02-16
507,siouxie  ,56162,Ontario,,,50,50,50,25,0,25,2008-02-16
508,kmach844  ,67225,"Ajax, ON, Canada",,,,,,,,,2008-02-16
509,metalator1  ,67205,"Toronto, ON, Canada",51,,100,100,75,50,50,50,2008-02-16
510,nicewei  ,67105,"L'Ile-Bizard, QC, Canada",50,,25,,0,0,25,0,2008-02-16
511,Liftow  ,67097,undisclosed location,,,,,,,,,2008-02-16
512,Exodus_  ,58792,"Brockville, ON, Canada",89,15,25,100,75,0,50,75,2008-02-16
513,WirelessPlz  ,67059,"Morewood, ON, Canada",44,5,75,100,100,50,75,75,2008-02-16
514,freeLink  ,66975,"Hamilton, ON, Canada",47,,25,75,0,0,0,0,2008-02-16
515,paksdm  ,66997,"Belleville, ON, Canada",,,,,,,,,2008-02-16
516,techmentor  ,66977,"Laval, QC, Canada",,,,,,,,,2008-02-16
517,mr__roy  ,66970,"Sudbury, ON, Canada",49,,100,100,75,100,100,100,2008-02-16
518,tradernik  ,66961,"Toronto, ON, Canada",,,50,25,75,0,0,0,2008-02-16
519,bitefol9  ,66942,"Montreal, QC, Canada",76,,100,50,50,75,75,25,2008-02-16
520,angel0405  ,66553,"Windsor, ON, Canada",35,14,50,25,0,0,0,0,2008-02-16
521,inscrip  ,66687,Canada,49,4,25,75,75,75,75,50,2008-02-16
522,hvacr  ,66787,"Brampton, ON, Canada",,,50,,50,0,0,0,2008-02-16
523,vonpoon  ,66726,"Montreal, QC, Canada",80,7,50,75,75,50,50,0,2008-02-16
524,Sergey1  ,66670,"North York, ON, Canada",49,15,50,50,25,0,0,50,2008-02-16
525,darrylwilson  ,66633,"London, ON, Canada",45,3,75,75,100,50,50,75,2008-02-16
526,chrispycrunc  ,66632,"Toronto, ON, Canada",40,3,,,,,,,2008-02-16
527,CrashD1n3r1  ,66610,Canada,,,,,,,,,2008-02-16
528,Evil Tongs  ,62164,undisclosed location,49,13,0,0,100,0,0,0,2008-02-16
529,STN  ,48690,Canada,44,3,75,75,100,25,75,75,2008-02-16
530,tall4  ,66556,Canada,,5,50,100,75,100,25,75,2008-02-16
531,TBD2Day  ,66424,"Hamilton, ON, Canada",67,11,100,50,100,25,100,100,2008-01-11
532,zedsdead  ,66396,"Burlington, ON, Canada",42,7,75,0,100,25,100,100,2008-01-11
533,civuck5  ,66407,"Scarborough, ON, Canada",45,,25,25,75,25,0,0,2008-01-11
534,Ank14  ,66322,"Brampton, ON, Canada",35,,0,50,75,0,0,0,2008-01-11
535,Kranng  ,66312,"Windsor, ON, Canada",49,10,50,75,75,50,25,100,2008-01-11
536,lewdvig  ,66291,"Calgary, AB, Canada",50,8,0,0,0,0,0,25,2008-01-11
537,mlgagnon  ,66289,"Montreal, QC, Canada",59,120,25,50,0,0,0,0,2008-01-11
538,opeongo66  ,66283,"Ottawa, ON, Canada",47,,0,0,0,0,0,0,2008-01-11
539,darksonic  ,66238,"Etobicoke, ON, Canada",39,,0,50,100,0,0,50,2008-01-11
540,ReformCRTC  ,66229,Canada,35,,25,0,100,0,25,50,2008-01-11
541,Sparkythedog  ,66213,"Windsor, ON, Canada",45,3,100,100,100,100,100,75,2008-01-11
542,tnuhn  ,66207,n2n0a4,44,,25,0,0,0,0,0,2008-01-11
543,glassdesigns  ,66137,"Toronto, ON, Canada",48,,50,75,75,0,25,50,2008-01-11
544,hp540  ,66126,"North York, ON, Canada",45,,50,50,0,0,25,25,2008-01-11
545,aradu2000  ,66091,"La Prairie, QC, Canada",19,,75,75,75,75,75,50,2008-01-11
546,BACONATOR26  ,19455,"Nepean, ON, Canada",47,7,50,50,75,0,0,0,2008-01-11
547,themonkeyz  ,65930,"Quebec, QC, Canada",45,12,75,25,0,0,0,0,2008-01-11
548,trelayne  ,65939,undisclosed location,45,10,100,0,50,0,0,0,2008-01-11
549,Regrowthz  ,65931,"Scarborough, ON, Canada",45,,0,25,50,0,75,50,2008-01-11
550,darcmage  ,65928,"Toronto, ON, Canada",35,14,25,50,75,0,0,25,2008-01-11
551,Flannel  ,65878,undisclosed location,48,,0,75,100,25,25,0,2008-01-11
552,Sanny8  ,65872,"Etobicoke, ON, Canada",53,4,75,75,100,0,25,25,2008-01-11
553,Wes C Addle  ,47391,Canada,44,5,0,0,0,0,0,0,2008-01-11
554,xmz  ,65859,Canada,50,14,25,0,100,0,0,50,2008-01-11
555,Xempler  ,65827,"North York, ON, Canada",30,7,25,50,75,50,0,0,2008-01-11
556,shikotee  ,65811,"Toronto, ON, Canada",45,,0,50,75,25,0,0,2008-01-11
557,BladeMcCool  ,58310,"Burlington, ON, Canada",45,1,100,100,50,50,50,50,2008-01-11
558,postino  ,65747,"Windsor, ON, Canada",,,,,,,,,2007-12-05
559,HiVolt  ,37027,"Toronto, ON",35,2,0,75,100,0,0,0,2007-12-05
560,Agent_DESI  ,65654,"Hampton, Hampton City, VA, USA",34,1,25,0,75,0,0,0,2007-12-05
561,auggy  ,33416,"Brockville, ON, Canada",47,5,75,100,25,50,25,25,2007-12-05
562,ricor  ,65715,"Embrun, ON, Canada",45,,50,50,25,25,25,25,2007-12-05
563,vladrassvet  ,65700,"Guelph, ON, Canada",55,15,25,75,50,25,25,0,2007-12-05
564,LNahid20007  ,65699,"Brampton, ON, Canada",35,,50,0,50,0,0,0,2007-12-05
565,Frescard  ,65670,"Montreal, QC, Canada",40,,25,50,100,0,0,0,2007-12-05
566,d33g  ,65672,"Stoney Creek, ON, Canada",53,,75,25,75,0,0,0,2007-12-05
567,Ibrastix  ,65625,Egypt,,,75,0,100,75,25,50,2007-12-05
568,westvv  ,65592,M2J 1U8,,,75,50,75,25,75,25,2007-12-05
569,bill7907  ,65584,"Montreal, QC, Canada",45,,50,50,0,25,25,25,2007-12-05
570,mcfaden  ,65571,"Wabigoon, ON, Canada",47,8,75,75,100,25,75,75,2007-12-05
571,Ingar  ,65560,"East York, ON, Canada",55,26,0,0,0,0,0,0,2007-12-05
572,xAndr00x  ,65506,"Toronto, ON, Canada",,,50,75,100,75,75,75,2007-12-05
573,QuebecMKIII  ,65497,"Montreal, QC, Canada",35,5,50,50,100,0,0,0,2007-12-05
574,NemesisOne  ,65496,"Whitby, ON, Canada",47,,50,50,50,25,25,0,2007-12-05
575,Guido125  ,65417,"Montreal, QC, Canada",40,,0,75,75,0,25,25,2007-12-05
576,warblade4  ,65411,undisclosed location,50,,50,50,0,0,0,0,2007-12-05
577,ASPHYX3  ,65398,"Saint-Jean-Sur-Richelieu, QC, Canada",99,45,50,0,25,0,25,50,2007-12-05
578,GrantE3  ,65392,"Brantford, ON, Canada",49,5,50,75,100,0,0,0,2007-12-05
579,DabberDan  ,65381,"Gatineau, ON, Canada",39,,50,50,100,75,75,50,2007-12-05
580,EcHoMaN  ,64413,"York, ON, Canada",50,7,25,75,25,0,0,25,2007-12-05
581,vash303  ,65371,"Ottawa, ON, Canada",75,,0,0,0,0,0,0,2007-12-05
582,TI POIL  ,65350,"Toronto, ON, Canada",75,,0,0,0,0,0,0,2007-12-05
583,ZyCop  ,65344,"Toronto, ON, Canada",50,,75,50,50,0,0,0,2007-12-05
584,DjEclipse  ,65343,"Niagara Falls, ON, Canada",34,,0,0,75,25,0,0,2007-12-05
585,Rastan  ,65342,Canada,47,10,25,75,0,25,0,0,2007-12-05
586,WWM  ,40653,Mississauga,45,2,50,50,0,0,25,0,2007-12-05
587,Joe1419  ,65341,"Ajax, ON, Canada",35,,0,75,25,0,50,0,2007-12-05
588,n1ke  ,65247,"Windsor, ON, Canada",49,,50,25,25,0,25,25,2007-12-05
589,oblender  ,65147,"Toronto, ON, Canada",41,,25,50,100,0,50,25,2007-12-05
590,core2extreme  ,65140,"Laval, QC, Canada",39,20,25,75,75,0,25,25,2007-12-05
591,Mersault  ,65130,"Toronto, ON, Canada",135,15,50,0,100,25,25,0,2007-12-05
592,JackovSpades  ,65125,"Oakville, ON, Canada",53,,50,50,0,0,50,50,2007-12-05
593,Jman99  ,65081,"Etobicoke, ON, Canada",35,7,0,50,50,0,0,0,2007-12-05
594,virgilash3  ,65066,"Etobicoke, ON, Canada",45,8,25,0,100,50,0,50,2007-12-05
595,rickhd  ,65048,"Kitchener, ON, Canada",60,1,75,75,0,0,50,0,2007-12-05
596,slamata2  ,65045,"Etobicoke, ON, Canada",100,7,50,0,0,0,0,0,2007-12-05
597,root9  ,64985,"Kitchener, ON, Canada",,150,0,0,0,0,0,0,2007-10-30
598,coreyp0  ,64894,"Orleans, ON, Canada",42,,25,25,50,0,0,25,2007-10-30
599,D_Reapper  ,64967,"North York, ON, Canada",60,3,0,75,75,75,25,0,2007-10-30
600,lmcjerl  ,64952,"Boisbriand, QC, Canada",35,2,25,25,0,25,0,0,2007-10-30
601,Firefoxer  ,64916,"Quebec, QC, Canada",35,,25,25,75,25,0,0,2007-10-30
602,moffa  ,64880,"North York, ON, Canada",50,,75,100,100,50,100,75,2007-10-30
603,(hidden by request) ,,L1H1K,55,,75,100,100,50,75,100,2007-10-30
604,DickManitoba  ,64754,"Toronto, ON, Canada",,,75,50,100,50,50,75,2007-10-30
605,glaz  ,62158,"Montreal, QC, Canada",35,2,25,50,25,25,25,25,2007-10-30
606,chriskay  ,43085,"Toronto, ON, Canada",45,5,75,50,100,0,75,50,2007-10-30
607,rockstar71  ,64593,"London, ON, Canada",35,148,50,0,0,0,0,0,2007-10-30
608,newf7  ,63838,"Brampton, ON, Canada",37,,0,0,0,0,0,0,2007-10-30
609,locked8  ,64461,"Toronto, ON, Canada",46,8,75,75,75,100,75,75,2007-10-30
610,Tyreman  ,46487,"Cambridge, ON, Canada",49,,0,50,0,50,50,0,2007-10-30
611,BellVictim4  ,55933,undisclosed location,48,,50,50,0,0,0,0,2007-10-30
612,Tired_man  ,64263,"Montreal, QC, Canada",39,,50,0,50,50,50,25,2007-10-30
613,Blackdonald  ,64301,"Orleans, ON, Canada",47,,,,0,25,50,0,2007-10-30
614,loginname6  ,64204,"Toronto, ON, Canada",37,5,25,50,100,0,,50,2007-09-23
615,ddms70  ,64103,"Carrying Place, ON, Canada",50,,0,50,100,50,50,25,2007-09-23
616,Whizard  ,63781,Canada,35,4,75,75,50,50,50,50,2007-09-23
617,league_fool  ,64078,"Toronto, ON, Canada",50,,0,75,50,0,25,0,2007-09-23
618,mac dude  ,57040,"Toronto, ON, Canada",34,6,50,50,100,0,0,0,2007-09-23
619,saltydog  ,64047,"Waterloo, ON, Canada",42,,25,50,75,0,0,25,2007-09-23
620,Erdna  ,63835,"Montreal, QC, Canada",30,4,75,,100,50,75,75,2007-09-23
621,sam_steiner  ,63647,"Waterloo, ON, Canada",44,,,,,,,,2007-09-23
622,Binoo  ,63731,Canada,52,,0,0,25,0,0,0,2007-09-23
623,sam_steiner  ,63648,"Waterloo, ON, Canada",44,,,,,,,,2007-09-23
624,meshif  ,63589,"Windsor, ON, Canada",35,,25,0,100,0,50,75,2007-09-23
625,Prelude76  ,63517,"Barrie, ON, Canada",29,14,25,0,25,25,50,25,2007-09-23
626,BRR_Dogger  ,63432,"Wingham, ON, Canada",89,4,50,75,0,0,0,0,2007-09-23
627,TigerLord  ,36219,"Sherbrooke, QC, Canada",65,12,25,0,50,0,25,25,2007-09-23
628,BRR_Dogger  ,63434,"Wingham, ON, Canada",89,4,0,50,0,0,0,0,2007-09-23
629,MmmPancakes  ,61316,T3H,35,5,25,75,25,0,0,0,2007-09-23
630,scruffybear  ,63328,"Whitby, ON, Canada",45,,0,50,25,0,25,25,2007-09-23
631,infamouskid  ,62958,"North York, ON, Canada",48,15,50,100,50,100,50,75,2007-08-18
632,dav_ID  ,63171,Toronto,32,5,25,25,100,0,0,25,2007-08-18
633,xPBxNaStY  ,63160,"Harrow, ON, Canada",54,,50,75,0,0,25,0,2007-08-18
634,posty777  ,63088,"Strathroy, ON, Canada",47,,50,75,100,0,50,75,2007-08-18
635,karennewton  ,61041,"Toronto, ON, Canada",50,,50,50,75,0,0,25,2007-08-18
636,bmr50  ,5903,"Sudbury, ON, Canada",56,1,50,50,50,0,25,50,2007-08-18
637,joey45454  ,61346,Quebec,50,1,75,100,50,0,0,25,2007-08-18
638,Gorf_Frog  ,62992,"Vanier, ON, Canada",40,4,25,75,25,0,50,25,2007-08-18
639,peterweb  ,57854,"Smiths Falls, ON, Canada",29,,100,100,100,75,50,100,2007-08-18
640,toolbin  ,62735,Canada,37,5,25,75,50,0,0,25,2007-08-18
641,l3ert  ,62734,"Montreal, QC, Canada",92,10,50,25,0,50,50,50,2007-08-18
642,canadiancree  ,62662,"Perth, ON, Canada",,,50,50,0,0,0,0,2007-08-18
643,ArgoDave  ,62484,"Cambridge, ON, Canada",47,,50,75,100,50,25,0,2007-08-18
644,scorpionmods9  ,62374,"Oshawa, ON, Canada",45,18,25,0,25,0,25,25,2007-08-18
645,SweetCell  ,62369,"Mississauga, ON, Canada",62,14,0,0,0,0,0,0,2007-08-18
646,pwnedrice  ,62303,undisclosed location,37,,100,75,75,0,50,75,2007-08-18
647,JohCar1  ,62227,"Brantford, ON, Canada",37,,50,50,25,0,50,75,2007-07-12
648,bryanc315  ,62217,"North York, ON, Canada",46,,25,25,25,0,25,0,2007-07-12
649,nitzguy  ,61969,"Windsor, ON, Canada",35,25,50,0,75,0,0,25,2007-07-12
650,ktompkins  ,61895,"Amherstview, ON, Canada",47,5,75,75,75,50,75,50,2007-07-12
651,OO5  ,61726,"Brampton, ON, Canada",50,6,25,50,100,75,100,75,2007-07-12
652,reglafo  ,61723,"Saint Augustine, Saint Johns, FL, USA",39,12,25,0,100,75,75,75,2007-07-12
653,BLinK_ME  ,61710,undisclosed location,45,5,50,50,75,25,50,50,2007-07-12
654,dchrisrea  ,61671,"Stratford, ON, Canada",50,11,,,,,,,2007-07-12
655,Hollycat82  ,61573,"Nepean, ON, Canada",30,15,0,0,75,50,0,0,2007-06-06
656,Archdog1  ,61490,"Burlington, ON, Canada",35,,25,50,75,0,25,25,2007-06-06
657,hivemedia  ,61462,"Montreal, QC, Canada",44,,50,75,0,25,25,0,2007-06-06
658,plumerya  ,61373,"Montreal, QC, Canada",51,,25,25,75,25,50,50,2007-06-06
659,bobbenedetti  ,32338,"Beaconsfield, QC, Canada",31,7,75,75,100,75,75,75,2007-06-06
660,willytamm  ,57308,"Toronto, ON, Canada",24,1,75,25,100,50,25,100,2007-06-06
661,gsmall99  ,61304,"Gravenhurst, ON, Canada",42,,50,50,100,50,75,75,2007-06-06
662,sisl  ,61279,"Cavan, ON, Canada",44,2,25,50,75,0,50,50,2007-06-06
663,Bob Anderson  ,61271,"Ottawa, ON, Canada",50,,75,75,75,75,75,75,2007-06-06
664,dja  ,61067,Niagara,50,5,50,50,100,25,50,100,2007-06-06
665,JustCuzIAm  ,61062,"Odessa, ON, Canada",,,25,50,75,50,50,50,2007-06-06
666,vipertek602  ,61046,"Stouffville, ON, Canada",49,3,50,100,100,50,75,75,2007-06-06
667,korona  ,61016,"Hamilton, ON, Canada",100,,50,25,0,0,25,0,2007-06-06
668,Kdee9  ,60764,"Etobicoke, ON, Canada",56,5,50,50,50,25,25,0,2007-06-06
669,DigitalXeron  ,60702,"Hamilton, ON, Canada",46,21,25,25,25,0,0,0,2007-04-30
670,zaza88  ,60580,undisclosed location,47,700,,,,,,,2007-04-30
671,fidoda  ,60523,"Roberval, QC, Canada",34,14,50,75,0,25,0,0,2007-04-30
672,macdmary ,,undisclosed location,,,,,,,,,2007-04-30
673,smartlink5  ,60415,"Brossard, QC, Canada",44,5,75,100,50,0,50,50,2007-04-30
674,Woofer95  ,60307,"London, ON, Canada",40,45,25,0,50,0,0,0,2007-04-30
675,AntiBel  ,60250,"Etobicoke, ON, Canada",47,,50,0,25,0,0,25,2007-03-25
676,mathy116  ,60210,"Montreal, QC, Canada",44,,100,100,100,100,100,100,2007-03-25
677,denetzen  ,60150,"Kitchener, ON, Canada",22,14,25,50,50,0,25,25,2007-03-25
678,tbca  ,60031,"Scarborough, ON, Canada",30,,0,0,50,0,0,0,2007-03-25
679,erikkukun  ,59961,undisclosed location,,,0,0,0,0,0,0,2007-03-25
680,jodeman  ,50256,"Laval, QC, Canada",,2,75,50,100,50,50,75,2007-02-16
681,BelleRose  ,59639,"Mississauga, ON, Canada",40,7,100,100,0,50,25,75,2007-02-16
682,captormoonlu  ,59772,undisclosed location,50,,0,0,0,0,0,0,2007-02-16
683,blurrybook  ,59621,"Scarborough, ON, Canada",,,50,50,75,50,75,75,2007-02-16
684,vertex7  ,53568,"Nepean, ON, Canada",60,4,25,25,0,0,0,25,2007-02-16
685,MikeG  ,50483,"Hamilton, ON",30,3,50,100,50,50,75,25,2007-02-16
686,porthome  ,59589,"Port Carling, ON, Canada",50,15,0,75,75,25,25,25,2007-02-16
687,dajebus  ,59578,"Sainte-Anne-Des-Lacs, QC, Canada",49,12,75,50,0,0,0,25,2007-02-16
688,max3gth  ,57340,j2c,45,560,100,100,75,0,50,0,2007-01-11
689,bthornhill  ,59242,undisclosed location,33,3,25,75,75,25,25,50,2007-01-11
690,bill303d9  ,59154,"Toronto, ON, Canada",35,10,75,0,0,0,0,50,2007-01-11
691,TensaZ  ,59151,m5s 4k8,38,110,75,75,75,25,50,75,2007-01-11
692,bidnessb2  ,58764,"Toronto, ON, Canada",34,999,50,0,0,0,0,0,2006-12-05
693,victord66  ,58683,"Toronto, ON, Canada",50,,0,0,25,0,25,25,2006-12-05
694,ar329  ,58677,"Etobicoke, ON, Canada",40,,25,25,0,0,0,0,2006-12-05
695,stratfordbab  ,58611,"Mcgregor, ON, Canada",37,,50,25,0,0,0,0,2006-12-05
696,deadly4u  ,58595,"Kanata, ON, Canada",50,4,75,100,25,0,50,25,2006-12-05
697,ealskriptik  ,58591,"Cookstown, ON, Canada",39,6,100,50,100,100,100,75,2006-12-05
698,trivialguy  ,58492,"Gravenhurst, ON, Canada",45,3,75,100,100,75,75,75,2006-12-05
699,accozzaglia  ,58209,"Toronto, ON, Canada",58,7,50,25,0,0,0,0,2006-10-30
700,bumbo  ,58126,"Corunna, ON, Canada",45,,0,0,0,0,0,0,2006-10-30
701,gaosan  ,48541,"Kanata, ON, Canada",30,7,50,50,50,0,0,25,2006-09-23
702,belluser2  ,57943,"Etobicoke, ON, Canada",,,0,25,50,25,25,25,2006-09-23
703,homeplanit  ,57850,"Toronto, ON, Canada",50,13,50,25,100,,75,50,2006-09-23
704,Athanatos9  ,57692,"Scarborough, ON, Canada",40,20,25,0,100,25,100,50,2006-09-23
705,KillerNIC  ,51667,"Pickering, ON, Canada",40,4,75,100,100,50,75,75,2006-09-23
706,pwnage  ,57528,ComeByChance,39,4,100,100,75,50,75,75,2006-08-18
707,ryguys  ,55050,N. Ont Can,44,60,50,0,100,50,,75,2006-08-18
708,bluedawn87  ,57369,"Ottawa, ON, Canada",48,6,100,100,0,0,25,0,2006-08-18
709,sartap29  ,57072,"Saint-Laurent, QC, Canada",28,,50,50,25,25,25,50,2006-08-18
710,retrotech7  ,54600,"Rankin Inlet, NU, Canada",44,12,,0,75,75,75,100,2006-07-12
711,wonnder1  ,51567,"London, ON, Canada",34,4,50,50,50,25,50,75,2006-07-12
712,SweetDelight  ,49354,Earth,39,24,75,75,100,50,75,100,2006-07-12
713,MicaTurbo  ,56671,"Ottawa, ON, Canada",30,4,75,75,100,75,100,100,2006-07-12
714,sammyj  ,56615,m3h,36,5,100,75,100,100,50,75,2006-07-12
715,yafoo33us  ,56499,undisclosed location,48,,50,50,100,0,0,0,2006-06-06
716,Scottie22  ,20316,"Scarborough, ON, Canada",44,2,100,100,100,75,100,100,2006-06-06
717,CKPPC  ,55995,"Peterborough, ON, Canada",39,7,0,100,25,25,0,0,2006-04-30
718,deaddawg  ,55971,"Ottawa, ON, Canada",60,,75,100,50,50,50,50,2006-04-30
719,MBaudot  ,55934,ON,45,,50,75,75,75,100,75,2006-04-30
720,jboyo  ,47247,"North York, ON, Canada",49,3,75,75,75,75,75,75,2006-04-30
721,david_1  ,55908,"Havelock, ON, Canada",44,3,100,100,100,100,100,100,2006-04-30
722,swinger  ,55806,"Ottawa, ON, Canada",45,39,50,0,75,25,50,50,2006-04-30
723,STR001  ,55719,"Hamilton, ON, Canada",,,100,75,100,75,100,75,2006-04-30
724,Solar1um  ,55518,Lvis - QC,30,4,100,100,100,75,75,100,2006-03-25
725,monsoon_14  ,55511,undisclosed location,47,4,,,,,,,2006-03-25
726,Kawartha  ,55500,"Peterborough, ON, Canada",44,30,25,75,75,0,50,25,2006-03-25
727,pengouin6  ,55182,"Quebec, QC, Canada",40,14,75,75,25,25,50,25,2006-03-25
728,Eye02  ,55010,"Mississauga, ON, Canada",40,10,50,50,75,50,0,0,2006-02-16
729,Snickerdo3  ,14293,"St Catharines, ON, Canada",49,12,50,50,100,50,100,100,2006-02-16
730,morbidasperg9  ,54898,"Quebec, QC, Canada",45,5,50,75,75,50,75,100,2006-02-16
731,chamcham  ,54438,"Hamilton, ON, Canada",50,5,75,75,25,0,75,50,2006-02-16
732,BWolf6  ,54252,"Marathon, ON, Canada",45,16,75,0,75,0,0,50,2006-01-10
733,invictive  ,54228,"Mississauga, ON, Canada",35,6,50,50,100,0,75,75,2006-01-10
734,Toastertech  ,54192,"North Bay, ON, Canada",,,75,75,75,50,50,75,2006-01-10
735,codeguy0072  ,54084,"Edmonton, AB, Canada",25,,50,25,0,0,0,0,2006-01-10
736,YJ2k2  ,54074,Canada,37,5,25,100,75,50,75,100,2006-01-10
737,lutful  ,53909,"Ottawa, ON, Canada",44,7,100,50,100,75,75,100,2006-01-10
738,xphearless  ,53750,"Richmond Hill, ON, Canada",34,1,75,75,75,50,50,50,2005-12-05
739,rockdamic  ,53726,"Montreal-Nord, QC, Canada",40,,,,,,,,2005-12-05
740,dennilfloss  ,32760,"Ottawa, ON, Canada",59,3,75,75,100,100,75,75,2005-12-05
741,gelu88  ,49240,undisclosed location,40,,75,100,100,75,75,100,2005-12-05
742,Savant  ,53430,Toronto,40,,75,25,75,50,75,50,2005-12-05
743,Envin  ,53364,"Hamilton, ON, Canada",,,50,0,0,0,50,50,2005-12-05
744,uxlin  ,53336,"Poughkeepsie, Dutchess, NY, USA",35,15,0,0,0,0,0,0,2005-12-05
745,DJ_Zee  ,53101,"Niagara Falls, ON, Canada",52,10,50,75,0,0,0,25,2005-10-29
746,ToiletPaper  ,52784,usa,50,,50,50,50,0,0,0,2005-10-29
747,ezflip  ,52373,"Montreal, QC, Canada",56,,50,50,25,25,25,25,2005-10-29
748,zinc  ,52887,"Woodbridge, ON, Canada",20,30,100,0,50,75,25,50,2005-10-29
749,johnlan ,,"New York, New York, NY, USA",50,,75,75,75,0,0,25,2005-10-29
750,lazarus_  ,52454,"Resolute, NU, Canada",44,,,,0,,0,0,2005-09-23
751,number24  ,52426,"Gloucester, ON, Canada",34,4,100,50,50,25,100,75,2005-09-23
752,somody  ,52406,"East York, ON, Canada",19,5,100,100,100,100,100,75,2005-09-23
753,postaldude  ,52305,"North York, ON, Canada",34,,25,25,50,0,25,50,2005-09-23
754,ottawa_guy0  ,50807,"Ottawa, ON, Canada",45,6,50,0,100,0,75,75,2005-09-23
755,diE1  ,52029,Canada,44,,25,75,25,25,0,0,2005-09-23
756,t_mac1984  ,51944,"Sainte-Agathe-Des-Monts, QC, Canada",40,6,25,100,25,25,25,0,2005-08-17
757,CorruptError  ,45460,"Mississauga, ON, Canada",44,6,100,75,100,100,100,100,2005-08-17
758,YourSnipa  ,51857,Canada,45,4,50,75,100,75,75,100,2005-08-17
759,thetyler  ,51752,"Cavan, ON, Canada",40,15,50,25,0,0,0,0,2005-08-17
760,dude1234  ,51742,"Lachine, QC, Canada",50,,100,100,100,100,100,100,2005-08-17
761,im a clown  ,51405,undisclosed location,44,,75,75,75,50,25,50,2005-08-17
762,(hidden by request) ,,K1S2C,,,0,75,100,75,50,50,2005-08-17
763,devildukie  ,51334,"Belleville, ON, Canada",34,14,50,50,25,0,0,0,2005-07-12
764,Fragster2001  ,24898,"North York, ON, Canada",40,2,75,100,100,50,100,50,2005-07-12
765,quebecsurfer  ,51125,Ontario,66,,100,100,100,75,75,75,2005-07-12
766,pingkang  ,50992,Canada,35,4,100,100,75,75,100,100,2005-07-12
767,DrewD50  ,50780,Canada,49,,100,100,50,50,50,50,2005-06-05
768,TML1993  ,50686,CaNaDa,50,,75,75,100,50,100,75,2005-06-05
769,jamez50004  ,50572,"Jacksonville, Duval, FL, USA",,,,,,,,,2005-06-05
770,Nohova  ,50571,M2X-3X2,60,5,75,100,100,100,100,75,2005-06-05
771,CrazyTechGuy  ,50246,"Crystal Beach, ON, Canada",52,21,50,25,75,25,50,0,2005-06-05
772,LoginDeleted  ,49749,"Schenectady, Schenectady, NY, USA",20,,100,100,100,50,100,100,2005-04-30
773,(hidden by request) ,,L1H1R,57,,75,75,100,100,100,75,2005-04-30
774,KevGib6  ,50114,"Grimsby, Ont",44,5,75,100,100,100,100,100,2005-04-30
775,Corey6996  ,49706,"Oakville, ON, Canada",37,,100,100,100,100,100,100,2005-04-30
776,Frank_IT  ,49550,Montreal,35,4,75,100,100,50,75,100,2005-03-24
777,gschneider  ,49545,"ON, Canada",44,10,50,50,100,25,75,75,2005-03-24
778,Fraoch  ,49363,"London, ON, Canada",44,,75,75,75,50,75,50,2005-03-24
779,shreksyn  ,49180,canada,,8,75,75,75,0,75,50,2005-03-24
780,sticktron  ,48848,"Maple, ON, Canada",49,3,100,100,100,75,100,100,2005-02-16
781,Marty5  ,42238,Canada,45,3,75,75,100,50,50,75,2005-02-16
782,Happyrat6  ,47420,Disneyland,45,,75,75,75,0,50,0,2005-02-16
783,doomie7  ,48577,"Mont-Royal, QC, Canada",33,5,75,100,100,50,75,100,2005-02-16
784,ftcnt  ,48439,"Toronto, ON",27,10,50,75,75,25,75,50,2005-02-16
785,grrr  ,48336,"Scarborough, ON, Canada",,,50,75,100,50,75,50,2005-02-16
786,StyxKee  ,24129,"GTA, Canada",,14,50,25,50,50,25,25,2005-02-16
787,malstew  ,48230,"Nepean, ON, Canada",29,7,25,75,100,100,100,75,2005-02-16
788,paulbg2000  ,48173,L6L2F4,40,5,75,75,75,50,0,0,2005-01-10
789,DaveToronto  ,48161,undisclosed location,48,,50,75,75,0,25,25,2005-01-10
790,Dustyn  ,40981,"Ontario, CAN",44,,100,100,50,0,25,25,2005-01-10
791,pilot_17  ,47367,"Mississauga, ON, Canada",44,5,75,100,100,100,100,75,2004-12-05
792,omnokn  ,47224,"Toronto, ON, Canada",45,3,75,100,100,50,100,75,2004-12-05
793,bylo  ,43560,"Waterloo, ON",35,,50,25,25,25,50,50,2004-12-05
794,Jay T0  ,47102,"Etobicoke, ON, Canada",44,1,75,75,75,75,75,75,2004-12-05
795,willtriv  ,46799,"Quispamsis, NB, Canada",25,10,25,50,100,50,75,100,2004-10-29
796,palbri  ,36870,"Suffield, Hartford, CT, USA",65,14,75,75,75,50,50,50,2004-10-29
797,GirgleMirt  ,44465,"Saint-Laurent, QC, Canada",30,30,0,0,100,0,25,50,2004-10-29
798,okay_player  ,46603,M4G XXX,44,,75,75,25,0,0,0,2004-10-29
799,fuzzyscrotem  ,46495,"Toronto, ON, Canada",44,,75,50,75,50,75,25,2004-10-29
800,Spyder  ,40865,"Thornhill, ON, Canada",44,5,100,100,75,75,75,50,2004-10-29
801,matrixdud  ,46251,"St Thomas, ON, Canada",45,3,75,100,100,75,75,75,2004-10-29
802,otherguy9  ,46242,Canada,45,3,50,100,75,50,50,75,2004-10-29
803,sgeniole  ,45936,canada,45,,75,100,100,25,75,50,2004-09-23
804,Reactance  ,45814,canada,48,,50,75,75,50,75,75,2004-09-23
805,Alabaster5  ,39560,undisclosed location,49,,75,75,50,50,50,75,2004-09-23
806,Dm4  ,45511,hax0red,54,5,75,50,50,25,50,75,2004-08-17
807,RM20010  ,44585,"Scarborough, ON, Canada",44,4,100,75,25,25,75,50,2004-08-17
808,shaggly  ,45419,UK,45,5,25,25,50,0,25,0,2004-08-17
809,Flipyo  ,45387,"Ottawa, ON, Canada",30,1,75,75,100,50,75,50,2004-08-17
810,Sprail  ,45274,"Midland, ON, Canada",,,50,75,75,50,25,50,2004-08-17
811,weisong44  ,45245,undisclosed location,45,5,50,50,0,0,0,75,2004-08-17
812,thetoecutter  ,45069,"Niagara Falls, ON, Canada",44,30,0,25,25,0,0,0,2004-08-17
813,ravage7776  ,8355,"Mississauga, ON, Canada",44,28,100,0,75,0,75,75,2004-08-17
814,googol9  ,44858,undisclosed location,44,,25,75,100,25,,75,2004-08-17
815,EveryName  ,37112,Montreal,59,,75,100,100,75,50,75,2004-07-12
816,rossi2  ,37786,"Scarborough, ON, Canada",40,4,50,75,0,0,0,0,2004-07-12
817,dtsang  ,38236,"Toronto, ON, Canada",39,3,100,100,25,50,50,50,2004-07-12
818,hershey_kiss  ,33967,Hershey Land,45,,25,50,25,0,0,25,2004-07-12
819,maybl8  ,44689,"Nepean, ON, Canada",44,10,25,25,0,0,0,0,2004-07-12
820,hserules  ,44679,Canada,44,5,75,100,100,75,75,100,2004-07-12
821,mmzkiller  ,44637,Canada,44,,0,0,0,0,0,0,2004-07-12
822,lawrence171  ,44463,Canada,34,7,100,75,100,75,100,100,2004-07-12
823,JavaFizzed  ,37234,"Welland, ON, Canada",44,10,25,50,0,0,75,25,2004-07-12
824,wisc  ,44382,Canada,44,5,100,75,75,100,100,100,2004-07-12
825,vernik20022  ,44309,"East York, ON, Canada",44,,100,100,100,25,100,100,2004-07-12
826,pcwfreak  ,44217,undisclosed location,40,7,75,100,100,75,75,75,2004-07-12
827,globeview  ,44165,"London, ON, Canada",35,5,75,75,50,100,75,75,2004-07-12
828,motion  ,17610,"Kingston, ON, Canada",64,5,75,50,100,50,100,100,2004-06-05
829,quasinick  ,44027,Canada,44,14,,,,,,,2004-06-05
830,y11ut  ,44015,"Kilworthy, ON, Canada",44,,50,75,50,75,25,50,2004-06-05
831,chaos1105  ,44001,undisclosed location,45,1,75,75,50,25,50,50,2004-06-05
832,raphsammut  ,43982,undisclosed location,45,1,75,75,100,50,75,100,2004-06-05
833,ryanww  ,43975,"Kingston, ON, Canada",45,5,25,75,50,0,0,0,2004-06-05
834,Kanada5  ,43953,"Windsor, ON, Canada",45,7,75,100,100,50,100,100,2004-06-05
835,Bumble_Bee  ,43833,undisclosed location,45,5,25,75,0,25,25,0,2004-06-05
836,Delusive  ,28702,undisclosed location,69,4,75,100,100,50,75,50,2004-06-05
837,Karl K8  ,43727,"Kirkland, QC, Canada",69,4,50,75,75,25,50,50,2004-06-05
838,Justin21  ,43576,"Brampton, ON, Canada",44,,75,75,25,25,25,50,2004-06-05
839,Airwolf  ,43573,"Windsor, ON, Canada",45,12,75,75,50,25,50,50,2004-06-05
840,jaguar_2515  ,40483,"Scarborough, ON, Canada",44,10,75,75,100,75,100,75,2004-06-05
841,rdtx4  ,43537,"Scarborough, ON, Canada",59,3,75,100,100,50,75,75,2004-06-05
842,chomey  ,43415,"Toronto, ON, Canada",31,,50,50,75,75,75,75,2004-06-05
843,compints  ,43320,"London, ON, Canada",59,3,50,50,100,50,100,75,2004-04-30
844,LINCSAT  ,42434,"Markham, ON, Canada",24,9,75,75,75,100,100,100,2004-04-30
845,magesnz5  ,43107,"Quebec, QC, Canada",39,5,50,75,100,25,50,50,2004-04-30
846,LoKi DarkGod  ,42868,"Brockville, ON, Canada",59,3,100,100,100,0,100,75,2004-04-30
847,whatever8  ,42851,Canada,34,3,75,100,100,100,75,100,2004-04-30
848,a789777  ,42801,"Ottawa, ON, Canada",49,999,75,0,0,0,0,0,2004-04-30
849,sss111  ,42753,"Granby, Qc",40,,25,75,75,0,100,75,2004-04-30
850,Barbara Ann  ,42719,Canada,59,14,75,100,100,50,100,100,2004-04-30
851,morph1962  ,42717,"Brampton, ON, Canada",45,,100,100,100,75,75,75,2004-04-30
852,ionix  ,42676,"Montreal, QC, Canada",44,1,,,,,,,2004-04-30
853,jstass  ,42675,"Toronto, ON, Canada",45,,,,,,,,2004-04-30
854,jcan870  ,42616,"Gatineau, QC, Canada",45,4,50,100,100,75,100,100,2004-04-30
855,driver01  ,42610,"Windsor, ON, Canada",52,74,,0,100,100,75,100,2004-04-30
856,horizonzblu7  ,42558,"Etobicoke, ON, Canada",80,7,,,,,,,2004-03-24
857,TheFerret  ,42545,"Sarnia, ON, Canada",49,7,100,100,50,25,75,100,2004-03-24
858,bdorrance  ,42440,"London, ON, Canada",95,5,100,100,100,100,100,100,2004-03-24
859,hoffman1  ,42404,"Stoney Creek, ON, Canada",50,14,75,100,50,0,50,50,2004-03-24
860,namkablam  ,42382,"Belleville, ON, Canada",,,100,100,100,100,100,100,2004-03-24
861,joey_mtl  ,42376,undisclosed location,70,,50,100,100,75,100,75,2004-03-24
862,java1010  ,42364,"Montreal, QC, Canada",34,4,75,100,100,75,100,100,2004-03-24
863,CAsH_M  ,42323,L1J-007,59,5,100,50,100,100,100,100,2004-03-24
864,dhanna9  ,42320,"Milton, ON, Canada",43,5,50,75,100,50,50,50,2004-03-24
865,Sslymm  ,42063,"Pierrefonds, QC, Canada",40,5,75,100,100,50,75,100,2004-03-24
866,noelstrom  ,42047,"London, ON",45,6,75,50,100,75,100,75,2004-03-24
867,Seifer666  ,41857,"Dundalk, ON, Canada",44,14,100,100,100,50,50,100,2004-03-24
868,Dipsomaniac  ,26335,"Toronto, ON, Canada",44,2,75,100,75,50,50,100,2004-03-24
869,bowtakwah0  ,41794,"Scarborough, ON, Canada",40,5,100,100,100,75,75,75,2004-03-24
870,mtreve  ,41608,"Mississauga, ON, Canada",24,5,,,50,100,,75,2004-02-16
871,nikki6  ,41291,"Gatineau, QC, Canada",23,,100,100,100,100,,100,2004-02-16
872,Marciff  ,41257,"Nepean, ON, Canada",59,3,75,100,100,50,75,75,2004-02-16
873,crystalmeow  ,41114,"Ottawa, ON, Canada",44,,75,100,75,75,75,75,2004-02-16
874,tma80  ,41021,"Toronto, ON, Canada",44,5,50,75,75,75,75,75,2004-02-16
875,Pathological  ,40992,"Mississauga, ON, Canada",59,9,75,25,75,0,25,50,2004-02-16
876,BuggSpy  ,12919,Canada,59,5,75,50,100,75,50,75,2004-02-16
877,leolaportejr  ,40893,"Thornhill, ON, Canada",59,10,75,50,100,100,50,100,2004-02-16
878,apvm  ,40645,"London, ON",36,6,100,100,100,100,100,50,2004-01-11
879,DaKids  ,40460,"Dresden, ON, Canada",44,7,75,100,100,50,75,100,2004-01-11
880,Desi  ,40422,"Kanata, ON, Canada",,3,100,75,50,50,100,100,2004-01-11
881,TFArchive  ,40337,"Gloucester, ON, Canada",69,5,100,100,100,75,100,100,2004-01-11
882,B0000rt  ,40294,"Scarborough, ON, Canada",45,5,75,75,100,100,25,50,2004-01-11
883,(hidden by request) ,,n6b1e,,,75,100,100,0,0,0,2004-01-11
884,TheMadJackal  ,40169,"North York, ON, Canada",48,7,75,75,100,50,50,75,2004-01-11
885,exseven8  ,40077,"Stoney Creek, ON, Canada",,30,0,0,0,0,0,0,2004-01-11
886,Deceneu  ,39767,Canada,48,7,50,50,100,100,100,50,2003-12-05
887,pbyk  ,39500,"Sarnia, ON, Canada",39,,50,50,50,50,100,100,2003-12-05
888,tipzCA  ,39191,"London, ON, Canada",50,8,75,100,100,75,100,100,2003-10-30
889,psheldon  ,39009,"Kitchener, ON, Canada",45,7,50,100,100,100,25,100,2003-10-30
890,DrSteve_  ,38993,canada,44,,100,100,100,100,50,75,2003-10-30
891,Refhog  ,38937,"London, Ont",66,5,100,75,75,75,50,75,2003-10-30
892,ironfist13  ,33312,StCatharines,35,5,100,,100,50,75,75,2003-10-30
893,biff spiff  ,38207,"Bath, ON, Canada",24,7,75,75,100,75,75,100,2003-10-30
894,rossi2  ,38529,"Scarborough, ON, Canada",40,3,75,75,100,75,100,100,2003-09-23
895,Abadon1  ,38463,undisclosed location,,,0,25,50,25,75,50,2003-09-23
896,nitroxace  ,38318,Toronto,59,10,100,100,100,75,50,50,2003-09-23
897,mr weather  ,38274,"Mississauga, ON, Canada",33,20,100,100,100,75,100,75,2003-09-23
898,bruchen  ,38228,"Toronto, ON, Canada",49,,100,75,100,25,25,50,2003-09-23
899,adroog  ,38168,"Durham, ON, Canada",34,3,75,100,75,50,75,100,2003-09-23
900,MichelR8  ,38018,"Chateauguay, QC, Canada",45,,75,75,100,100,75,100,2003-09-23
901,Cole Thorsen  ,37972,"Brantford, ON, Canada",69,4,75,75,100,75,75,100,2003-09-23
902,cyclops2  ,37895,"Montreal-Nord, QC, Canada",44,3,75,75,75,50,50,100,2003-09-23
903,Keyz_S  ,37888,"Ottawa, ON, Canada",44,7,100,100,50,25,50,50,2003-09-23
904,QN_52  ,37886,undisclosed location,44,1,50,75,75,50,75,25,2003-09-23
905,Rekognize  ,37876,"Scarborough, ON, Canada",45,3,75,100,100,0,50,75,2003-09-23
906,Deschutes  ,29549,Las Vegas,45,6,100,100,100,50,100,100,2003-09-23
907,Apparatus  ,37836,"Candiac, QC, Canada",44,5,100,100,100,100,100,75,2003-09-23
908,reallost  ,37755,L7J2E,24,,75,50,100,50,75,75,2003-08-18
909,mcraer  ,37543,"Sudbury, ON, Canada",75,,75,75,0,25,75,75,2003-08-18
910,Sankyuu  ,37533,"Toronto, ON, Canada",45,,75,100,75,100,100,75,2003-08-18
911,DeHackEd  ,15617,undisclosed location,,6,75,50,100,50,75,75,2003-08-18
912,treker747  ,37402,"Brampton, ON, Canada",25,12,75,25,100,,50,75,2003-08-18
913,Mr1  ,37366,undisclosed location,44,3,75,100,100,25,50,75,2003-08-18
914,bender22  ,37318,"Barrie, ON, Canada",69,14,50,50,100,75,100,100,2003-08-18
915,alex69s  ,37236,"Richmond Hill, ON, Canada",45,5,75,100,100,50,100,100,2003-08-18
916,surflord  ,28572,"North York, ON, Canada",44,5,100,100,100,100,100,75,2003-08-18
917,green1074  ,33349,"Scarborough, ON, Canada",44,2,100,100,100,75,100,100,2003-07-12
918,Buck Fush  ,28125,undisclosed location,26,4,0,0,0,0,0,0,2003-07-12
919,Maven  ,27926,Canada,49,,50,50,100,,,25,2003-07-12
920,jongar  ,37021,"Saint-Thomas, QC, Canada",45,,75,100,100,100,100,100,2003-07-12
921,ensonix  ,37007,"Montreal, QC, Canada",30,4,75,100,100,100,100,100,2003-07-12
922,Counterstric  ,29026,undisclosed location,45,4,100,75,100,50,50,75,2003-07-12
923,jarryal  ,36934,"Montreal, QC, Canada",34,10,50,50,75,75,75,75,2003-07-12
924,FABf21  ,36917,"Thornhill, ON, Canada",50,5,50,100,100,50,100,100,2003-07-12
925,Basil Fawlty  ,36675,"Toronto, ON, Canada",80,4,50,75,100,50,0,0,2003-07-12
926,bobbyzee  ,15452,undisclosed location,39,3,50,50,50,50,50,50,2003-07-12
927,timmeh2003  ,36453,undisclosed location,24,1,,,100,50,50,0,2003-07-12
928,xenolith9  ,36364,"Thornhill, ON, Canada",70,5,100,50,100,75,75,100,2003-07-12
929,sylvanus13  ,36265,"Toronto, ON, Canada",30,5,50,100,75,25,75,,2003-06-06
930,Mark Walton  ,36080,"Ottawa, ON, Canada",45,5,100,100,100,100,100,100,2003-06-06
931,whf001  ,35812,"Burlington, ON, Canada",80,3,100,100,100,75,75,100,2003-06-06
932,DSB7  ,35783,"Cambridge, ON, Canada",,,100,75,100,50,100,75,2003-06-06
933,shaner  ,35718,"Calgary, AB, Canada",45,3,100,100,100,100,100,100,2003-06-06
934,NameLess18  ,35712,"Scarborough, ON, Canada",24,,0,100,0,100,0,100,2003-06-06
935,jbroadhead  ,35711,"Toronto, ON, Canada",90,3,75,75,100,100,75,50,2003-06-06
936,big_gie  ,35691,"Montreal, QC, Canada",45,,50,75,75,100,75,25,2003-06-06
937,cayamantkid  ,35674,"Kanata, ON, Canada",59,4,75,75,100,25,100,75,2003-06-06
938,leafs_fan  ,35589,"Markham, ON, Canada",49,,50,100,100,50,50,50,2003-04-30
939,kelv  ,35449,"Richmond Hill, ON, Canada",45,3,75,100,100,75,75,75,2003-04-30
940,CdnAngel  ,35579,"London, ON, Canada",45,5,75,75,100,50,75,100,2003-04-30
941,MontrealRule$  ,35180,"Montreal, QC",44,,50,50,50,50,50,50,2003-04-30
942,Induscreed  ,35104,L6P,29,,75,75,100,25,100,75,2003-04-30
943,(hidden by request) ,,undisclosed location,,,75,75,75,50,0,75,2003-04-30
944,sherman06810  ,23717,"Thornwood, Westchester, NY, USA",45,3,100,100,100,25,75,25,2003-04-30
945,CatKing  ,34957,Canada,59,7,75,50,75,50,50,50,2003-04-30
946,scsixprt  ,24025,"Mississauga, ON, Canada",42,4,50,50,75,0,0,50,2003-04-30
947,LeafsGirl  ,34902,j5j5j5,49,4,100,100,100,100,100,100,2003-03-25
948,RedWatch  ,34666,"Toronto, ON, Canada",44,,25,50,50,25,50,0,2003-03-25
949,blud1018  ,34649,undisclosed location,,,0,75,0,50,50,0,2003-03-25
950,lotsanos4  ,34536,"Pembroke, ON, Canada",48,,50,75,75,50,75,75,2003-03-25
951,Brassica  ,31467,undisclosed location,45,19,50,0,100,0,25,75,2003-03-25
952,mujou  ,34082,"London, ON, Canada",44,5,75,25,100,25,75,100,2003-02-16
953,Soden  ,27514,"York, ON, Canada",50,,,,100,0,50,50,2003-02-16
954,Brinstar  ,33514,"Sarnia, ON, Canada",47,14,50,75,100,50,50,50,2003-02-16
955,lungs5i9  ,33512,"Sarnia, ON, Canada",49,5,50,50,75,0,75,50,2003-02-16
956,mt_dsl  ,33379,Canada,,,,,75,75,75,75,2003-02-16
957,Flurry  ,33257,Longueuil,50,5,0,0,0,0,0,0,2003-02-16
958,Luvfishin  ,23546,Canada,26,1,25,100,100,50,50,50,2003-02-16
959,affy1  ,32946,"North York, ON, Canada",29,5,75,50,100,75,75,75,2003-02-16
960,Paranoia$  ,32785,Canada,45,,50,50,100,,,75,2003-01-11
961,The Chick  ,29569,"London, ON, Canada",24,,100,100,50,50,50,50,2003-01-11
962,f00kie  ,32708,"Richmond Hill, ON, Canada",44,10,50,0,100,0,50,50,2003-01-11
963,Infinity$  ,32627,undisclosed location,44,2,100,100,100,0,100,75,2003-01-11
964,zebra03  ,32122,"Truro, NS, Canada",69,3,75,100,100,100,100,100,2003-01-11
965,adermott  ,31946,"Beeton, ON, Canada",69,3,100,75,75,50,75,75,2003-01-11
966,jeeps  ,31894,"Brossard, QC, Canada",44,3,100,100,100,100,100,100,2003-01-11
967,urbanguy  ,31792,"Toronto, ON, Canada",44,3,75,75,100,75,75,75,2003-01-11
968,martyfromcanada$  ,24696,"Kitchener, ON, Canada",75,7,50,50,100,25,75,75,2002-12-05
969,Muddly  ,27803,Canada,43,,75,75,100,75,75,50,2002-12-05
970,Picaw  ,31196,"Montreal, QC, Canada",52,,50,100,100,100,100,75,2002-12-05
971,vejiita  ,31316,Canada,69,5,50,100,100,0,75,100,2002-12-05
972,divine8  ,31312,undisclosed location,45,,75,50,0,50,50,50,2002-12-05
973,Fox Hound  ,26031,"Hamilton, ON",45,1,50,50,100,25,25,0,2002-12-05
974,Pallen4  ,30828,"Windsor, ON, Canada",,7,75,50,75,0,50,50,2002-10-30
975,jmar777666  ,30554,"Brampton, ON, Canada",69,3,25,25,75,50,50,0,2002-10-30
976,Deebossman  ,30378,"London, ON, Canada",,,50,50,50,0,75,75,2002-10-30
977,WinterAngel$  ,30366,"London, ON, Canada",34,5,75,100,100,50,75,100,2002-10-30
978,Dogofwars  ,29989,"Gatineau, QC, Canada",44,,0,100,75,50,50,25,2002-09-23
979,sheik20  ,29945,"Chatham, ON",44,10,50,25,75,0,50,50,2002-09-23
980,Dynamo5000  ,29905,undisclosed location,,,75,75,100,75,,50,2002-09-23
981,tiborjr  ,29893,"Laval, QC, Canada",,,75,75,25,75,75,50,2002-09-23
982,dirtyjeffer0  ,25997,"London, ON",45,4,100,100,100,100,100,100,2002-09-23
983,NetJunkie  ,21919,"Milton, ON, Canada",39,7,75,50,75,50,50,75,2002-09-23
984,krobarus  ,29498,CANADA,24,,0,50,75,100,100,0,2002-08-18
985,Pete_648  ,26230,KingstonON,25,2,50,100,100,75,50,50,2002-08-18
986,Bob Carrick  ,29303,"New York, New York, NY, USA",44,2,75,75,100,50,50,75,2002-08-18
987,RobertR8  ,29300,"London, ON, Canada",20,3,,,,,,,2002-08-18
988,N0_Nam3  ,29220,"Leamington, ON, Canada",39,3,100,100,100,50,100,100,2002-08-18
989,SK87  ,18457,Toronto,39,1,50,75,75,0,50,75,2002-08-18
990,RedVortex  ,29152,"Varennes, QC, Canada",44,,50,0,0,0,100,0,2002-08-18
991,jafo98  ,28952,"Chatham, ON, Canada",69,4,50,100,100,25,100,100,2002-07-12
992,Header8  ,28950,"Toronto, ON, Canada",44,7,25,75,75,0,25,0,2002-07-12
993,KissedVixen1  ,28934,"Montreal, QC, Canada",81,5,50,75,75,50,75,50,2002-07-12
994,Neuronius  ,24877,"Longueuil, QC, Canada",35,3,75,75,100,25,50,75,2002-07-12
995,Jimbo666$  ,28808,"Mississauga, ON, Canada",34,14,50,50,100,25,50,50,2002-07-12
996,minion2112  ,28647,Canada,44,5,50,50,100,75,50,25,2002-07-12
997,Novastorm9  ,28585,undisclosed location,,,0,0,0,0,0,0,2002-07-12
998,Starn  ,28471,"East York, ON, Canada",45,5,50,75,75,25,0,50,2002-07-12
999,vinceb  ,28455,"Waterloo, ON, Canada",40,1,75,75,100,75,50,75,2002-07-12
1000,Sumache16  ,27507,Canada,44,4,75,100,100,75,75,100,2002-07-12
1001,jcmaco  ,28302,"Montreal, QC, Canada",44,3,75,100,100,50,50,100,2002-06-06
1002,sum14  ,28220,"Schenectady, Schenectady, NY, USA",50,12,50,50,75,50,50,50,2002-06-06
1003,waxmuseum  ,28139,"Toronto, ON, Canada",44,30,0,0,0,0,0,0,2002-06-06
1004,Big D8  ,28097,Canada,45,,0,50,100,50,100,75,2002-06-06
1005,osme  ,28096,Brantford,45,14,50,100,100,50,100,75,2002-06-06
1006,MantyCora  ,28079,"Sainte-Anne-De-Sorel, QC, Canada",45,,25,25,75,25,25,0,2002-06-06
1007,SuperSac  ,28059,canada,44,648,25,25,75,0,25,0,2002-06-06
1008,quebecois  ,28056,"Pointe-Aux-Trembles, QC, Canada",,,25,25,25,50,25,0,2002-06-06
1009,smiley4me  ,27899,"North York, ON, Canada",45,10,100,100,75,100,25,75,2002-06-06
1010,Brian12349  ,17241,undisclosed location,39,5,50,50,75,25,75,25,2002-06-06
1011,Bull Woman  ,27848,"Sudbury, ON, Canada",24,1,,,75,0,,100,2002-06-06
1012,jimslowspeed  ,27261,h3e,45,5,50,50,25,50,50,25,2002-04-30
1013,J Biz  ,27452,undisclosed location,50,6,75,75,100,,25,75,2002-04-30
1014,cpchan  ,27399,"Toronto, ON, Canada",44,4,50,,75,,50,75,2002-04-30
1015,bobbyallison  ,27013,"Beloeil, QC, Canada",40,4,75,100,75,75,75,75,2002-04-30
1016,Oliphant7  ,26901,"Sudbury, ON, Canada",24,4,75,75,100,,100,100,2002-04-30
1017,fluke9  ,26852,M1T3P,24,3,75,50,100,75,75,100,2002-04-30
1018,ecila  ,26833,"Scarborough, ON, Canada",45,14,100,75,75,50,75,50,2002-04-30
1019,MJ_Luda  ,26794,"Woodbridge, ON, Canada",24,,50,50,50,50,50,50,2002-03-25
1020,OmegAHAL  ,26547,"Greenfield Park, QC, Canada",51,2,100,100,100,100,100,100,2002-03-25
1021,ctallan  ,26441,undisclosed location,,,,,0,0,,,2002-03-25
1022,analog_kid6  ,26369,"Richmond Hill, ON, Canada",,15,50,25,75,25,75,50,2002-03-25
1023,chronical  ,26354,"North Bay, ON, Canada",39,7,75,50,100,50,75,75,2002-03-25
1024,porcho  ,25710,"Toronto, ON, Canada",39,5,75,75,100,100,75,50,2002-02-16
1025,mystro2  ,25244,"Thornhill, ON, Canada",45,4,50,100,25,25,100,0,2002-02-16
1026,mdanis  ,25140,Canada,25,,75,100,100,75,75,100,2002-02-16
1027,flashpunk  ,25118,N8N39B,19,7,75,50,25,0,25,50,2002-02-16
1028,mikelaw101  ,25111,undisclosed location,,,100,100,100,0,100,100,2002-02-16
1029,Yoken  ,24490,"Hamilton, ON, Canada",25,2,75,100,100,25,100,50,2002-01-10
1030,merri  ,24383,Canada,44,2,75,50,100,100,100,100,2002-01-10
1031,deanw5  ,24035,"Gloucester, ON, Canada",45,3,50,100,100,,100,75,2002-01-10
1032,jccary  ,24021,"Beaconsfield, QC, Canada",45,5,100,100,100,50,100,100,2002-01-10
1033,Hizzoner3  ,24016,"Guelph, ON, Canada",43,,75,50,100,75,100,100,2002-01-10
1034,daredevil23  ,23843,L2E,45,4,75,100,100,100,100,100,2002-01-10
1035,Yamazaki  ,23790,"Richmond Hill, ON, Canada",40,5,100,100,75,100,100,75,2002-01-10
1036,Spazmogen  ,9886,"Woodstock, ON, Canada",39,4,75,75,100,50,100,100,2001-12-05
1037,jimmie2  ,23530,"Winnipeg, MB, Canada",44,,50,100,75,0,50,75,2001-12-05
1038,quiveri  ,23516,"Ottawa, ON, Canada",45,7,75,75,50,100,50,100,2001-12-05
1039,wisky  ,23513,canada,20,7,75,75,75,25,25,25,2001-12-05
1040,profcolli ,,undisclosed location,30,,50,50,50,0,25,50,2001-12-05
1041,eskimojoe  ,23405,"London, ON, Canada",44,3,75,75,75,50,75,75,2001-12-05
1042,mau108  ,23106,"Thornhill, ON, Canada",19,1,100,100,50,75,100,75,2001-12-05
1043,bartman1971  ,23001,"London, ON, Canada",40,4,75,100,75,75,100,75,2001-12-05
1044,pgerrits  ,22961,"London, ON, Canada",39,4,100,100,100,75,100,75,2001-12-05
1045,(hidden by request) ,,undisclosed location,45,,50,0,0,0,50,0,2001-12-05
1046,freight_train  ,22699,undisclosed location,40,5,75,100,100,50,50,75,2001-10-29
1047,Chromac  ,22670,"L'Orignal, ON, Canada",45,5,75,75,50,50,50,50,2001-10-29
1048,Lord Wanker  ,22573,"Montreal, QC, Canada",39,6,25,25,75,25,50,75,2001-10-29
1049,AkoOnt  ,22480,"St Catharines, ON, Canada",20,7,75,100,25,25,50,50,2001-10-29
1050,Propag  ,22453,undisclosed location,39,5,100,100,50,25,75,100,2001-10-29
1051,(hidden by request) ,,"New York, New York, NY, USA",43,,100,100,100,50,100,75,2001-10-29
1052,warpfish  ,22231,"Pickering, ON, Canada",39,5,75,75,50,50,75,75,2001-10-29
1053,Gaspacho  ,22195,undisclosed location,42,30,75,75,0,50,0,25,2001-10-29
1054,drnt  ,22193,"Hamilton, ON, Canada",39,,0,0,0,0,0,0,2001-10-29
1055,grandwoz  ,22140,undisclosed location,19,,25,25,100,25,75,100,2001-10-29
1056,jeff7y$  ,22122,l4j6r,40,5,75,75,50,50,50,50,2001-10-29
1057,(hidden by request) ,,undisclosed location,39,,50,50,0,25,75,50,2001-10-29
1058,canada14  ,9953,"Trenton, ON, Canada",40,10,75,100,100,0,100,100,2001-10-29
1059,jkeller  ,21996,"Woodbridge, ON, Canada",20,4,100,100,100,100,100,100,2001-10-29
1060,ken_mau  ,21932,"Mississauga, ON, Canada",19,6,75,75,50,50,75,100,2001-10-29
1061,Medic2238  ,21898,"Okotoks, AB, Canada",19,2,75,50,100,25,75,100,2001-10-29
1062,apilon  ,21691,"Drummondville, QC, Canada",45,3,100,100,50,50,25,50,2001-09-23
1063,Witness19  ,21499,"Etobicoke, ON, Canada",39,13,100,75,75,100,75,75,2001-09-23
1064,DarkenAngel  ,20112,"Hamilton, ON, Canada",43,6,50,75,0,25,50,25,2001-09-23
1065,beefy  ,21402,"Burlington, ON, Canada",40,10,75,100,100,50,75,100,2001-09-23
1066,garfathcx  ,21396,"Montreal, QC, Canada",39,7,75,100,100,100,75,100,2001-09-23
1067,arsenal_sega17  ,21353,undisclosed location,39,4,100,100,50,100,50,0,2001-09-23
1068,Quinte  ,21348,"Kitchener, ON, Canada",25,5,75,100,75,75,75,100,2001-09-23
1069,danieljai  ,21328,"Richmond Hill, ON, Canada",19,3,75,75,75,75,25,100,2001-09-23
1070,hanelliot7  ,21042,canada,43,6,75,75,100,25,75,100,2001-09-23
1071,lindy51  ,20934,"Hamilton, ON, Canada",45,,25,0,0,0,,,2001-09-23
1072,brendantai  ,20922,M1V 2E,39,,75,0,0,0,100,25,2001-09-23
1073,Mercury0484  ,20852,can,43,4,75,,100,25,50,75,2001-08-17
1074,,,"Arecibo, Arecibo, PR, USA",40,,50,50,50,50,50,50,2001-08-17
1075,hayze  ,20823,"Hamilton, ON, Canada",43,,25,0,0,0,25,0,2001-08-17
1076,georgi3  ,20216,"Montreal, QC, Canada",46,5,50,0,0,0,25,0,2001-08-17
1077,shattered_soul  ,20548,Canada,46,8,100,100,100,50,75,100,2001-08-17
1078,dsl_luver  ,20449,"Mississauga, ON, Canada",40,7,75,75,100,50,50,75,2001-08-17
1079,pierred1  ,20279,"Sherbrooke, QC, Canada",40,4,100,100,100,100,75,75,2001-08-17
1080,fs1010  ,20156,"Thorold, ON, Canada",49,3,75,100,100,,50,75,2001-08-17
1081,DangerXtrem  ,20123,undisclosed location,20,5,0,0,0,0,0,0,2001-08-17
1082,CorpsyRaven  ,20020,"Kitchener, ON, Canada",39,5,75,100,100,100,75,100,2001-08-17
1083,wolf12  ,19899,"Milton, ON, Canada",,13,50,0,50,25,50,,2001-08-17
1084,mysteriorules  ,18298,undisclosed location,45,4,25,100,100,50,50,100,2001-08-17
1085,ma_fortier ,,undisclosed location,40,,75,100,100,75,75,100,2001-07-12
1086,alx886  ,19686,undisclosed location,42,10,,,,,,,2001-07-12
1087,weatherwizar  ,13348,"Scarborough, ON, Canada",39,14,100,100,100,75,100,100,2001-07-12
1088,seorourke  ,19248,"Sarnia, ON, Canada",39,5,75,75,75,25,75,50,2001-07-12
1089,johnnycanuk8  ,18985,"Gatineau, QC, Canada",21,5,75,100,100,50,75,100,2001-07-12
1090,tomtomtom6  ,18638,"Mississauga, ON, Canada",40,4,75,0,100,0,25,25,2001-07-12
1091,DSL Tek  ,18602,"London, ON, Canada",39,30,75,75,50,75,50,75,2001-06-05
1092,(hidden by request) ,,undisclosed location,42,,75,25,50,25,0,25,2001-06-05
1093,digitalfutur  ,4915,BurlingtonON,40,7,75,75,100,50,75,100,2001-06-05
1094,dcam101  ,17975,"Sault Ste Marie, ON, Canada",,,0,75,100,50,75,100,2001-06-05
1095,LadyChar  ,17872,"London, ON, Canada",,,100,100,100,50,100,100,2001-06-05
1096,(hidden by request) ,,undisclosed location,40,,0,25,100,0,100,75,2001-06-05
1097,forn28  ,17023,G2K 2B5,39,7,75,75,100,0,75,100,2001-04-30
1098,(hidden by request) ,,undisclosed location,40,,100,100,100,75,100,100,2001-04-30
1099,cdnwriter  ,16484,"Keswick, ON, Canada",39,7,100,100,100,,75,100,2001-04-30
1100,(hidden by request) ,,undisclosed location,40,,50,50,100,0,0,50,2001-04-30
1101,wellsj1  ,16071,"Sault Ste Marie, ON, Canada",40,3,50,50,75,,50,75,2001-04-30
1102,bluelace2  ,15595,"London, ON, Canada",39,,25,75,100,25,100,100,2001-03-24
1103,sillyrabbi  ,15372,"Toronto, ON, Canada",39,21,50,100,50,0,100,75,2001-03-24
1104,Marius_99  ,15240,"Pointe-Claire, QC, Canada",39,8,75,75,100,75,75,75,2001-03-24
1105,parasite4  ,15143,53252,,7,75,100,100,50,75,100,2001-03-24
1106,ddey  ,14523,"Cambridge, ON, Canada",39,5,100,100,100,100,100,100,2001-03-24
1107,mccausland  ,14489,"Mississauga, ON, Canada",39,14,75,25,75,50,75,75,2001-03-24
1108,alcapb  ,14382,undisclosed location,37,35,50,0,100,0,50,50,2001-03-24
1109,gxng  ,14042,"Saint-Laurent, QC, Canada",46,8,50,50,100,75,75,100,2001-03-24
1110,tiroch  ,13889,L0L 2P0,,25,50,25,100,75,50,75,2001-02-16
1111,niziol  ,13439,"Winnipeg, MB, Canada",35,5,100,100,100,100,100,100,2001-02-16
1112,(hidden by request) ,,undisclosed location,39,,25,50,100,50,50,50,2001-02-16
1113,pbyron69  ,11902,"Groveport, Franklin, OH, USA",39,,50,75,0,0,75,100,2001-02-16
1114,danald  ,13278,"London, ON, Canada",19,3,100,100,100,75,100,100,2001-02-16
1115,deansloss  ,7363,CANADA,35,7,100,75,100,,100,100,2001-02-16
1116,eOverflow  ,12383,"Cowansville, QC, Canada",39,4,75,100,75,25,75,75,2001-02-16
1117,joe1234560  ,12877,"Des Plaines, Cook, IL, USA",39,14,25,100,0,50,50,0,2001-02-16
1118,ygendron4  ,12876,"Granby, QC, Canada",40,10,100,50,100,75,75,100,2001-02-16
1119,immune.tech ,,undisclosed location,27,,50,75,100,75,50,100,2001-02-16
1120,leesecure  ,12826,Canada,39,7,100,,100,0,75,50,2001-02-16
1121,glowe  ,12701,"East York, ON, Canada",39,,75,100,100,50,75,100,2001-02-16
1122,hunnybee  ,12380,undisclosed location,39,7,100,100,100,50,100,100,2001-02-16
1123,paulschreiber  ,12067,"Burlington, ON, Canada",35,5,50,75,75,50,75,100,2001-01-10
1124,yannick9  ,11882,"Toronto, ON, Canada",45,4,75,100,100,25,75,100,2001-01-10
1125,tony888  ,11855,"North York, ON, Canada",39,20,75,75,100,50,50,75,2001-01-10
1126,DariusD6  ,11068,"Niagara Falls, ON, Canada",39,3,75,75,100,50,75,100,2001-01-10
1127,bruno9  ,11677,"Sherbrooke, QC, Canada",35,,50,50,50,25,75,100,2001-01-10
1128,brasan  ,11627,"Collingwood, ON, Canada",39,5,75,100,75,50,75,100,2001-01-10
1129,RandomShot9  ,11353,"Hawkesbury, ON, Canada",39,14,75,100,100,100,75,100,2001-01-10
1130,XxSyPhOnxX  ,11066,undisclosed location,39,14,100,100,100,75,100,100,2001-01-10
1131,WeeWilly4  ,11055,"Huntsville, ON, Canada",39,4,75,100,75,,100,100,2001-01-10
1132,Biker1bob8  ,10734,L5N-2M9,39,21,75,75,100,50,75,100,2001-01-10
1133,cdesigner7  ,10675,"Mississauga, ON, Canada",39,11,100,50,100,50,75,100,2001-01-10
1134,Canuck57  ,10638,"Moose Jaw, SK, Canada",44,5,75,100,100,25,75,75,2001-01-10
1135,grateful6  ,10632,"Laval, QC, Canada",39,7,75,25,75,25,25,75,2001-01-10
1136,yanopski  ,10185,"Montreal-Nord, QC, Canada",45,3,50,50,75,0,50,50,2000-12-05
1137,torontoguy5  ,10058,"Richmond Hill, ON, Canada",39,7,50,50,75,25,50,75,2000-12-05
1138,Deck Officer  ,9882,"Georgetown, ON, Canada",39,6,75,75,100,75,75,75,2000-12-05
1139,OLDTachyon  ,9602,undisclosed location,39,5,75,75,100,50,75,100,2000-12-05
1140,AMourzenko  ,9089,Can,24,7,75,50,25,25,50,50,2000-12-05
1141,brookieman10  ,8947,"Nepean, ON, Canada",42,,75,75,100,75,100,100,2000-12-05
1142,Auric  ,8832,undisclosed location,42,28,100,75,50,25,100,75,2000-12-05
1143,tn8  ,8727,m1w,39,15,75,25,50,50,25,50,2000-12-05
1144,pulp  ,8448,"Toronto, Ont",39,7,50,50,0,0,75,75,2000-10-29
1145,arthurcat2  ,8366,"Hamilton, ON, Canada",39,5,100,100,100,75,100,100,2000-10-29
1146,Tpav  ,8095,Canada,40,14,50,50,75,50,50,75,2000-10-29
1147,rdinning  ,7952,Canada,20,,50,75,100,100,75,100,2000-10-29
1148,robinba  ,7919,"Mississauga, ON, Canada",44,8,25,100,100,25,50,50,2000-10-29
1149,berkes1  ,7500,undisclosed location,38,6,75,100,50,75,50,100,2000-10-29
1150,nikonman  ,7496,canada,39,10,100,100,100,75,100,100,2000-10-29
1151,Relu2  ,7415,Canada,,,75,100,100,25,75,75,2000-10-29
1152,kazer98  ,7394,CA,39,5,75,100,100,100,100,100,2000-10-29
1153,nollaig  ,7297,M2K,,7,100,,75,,75,100,2000-10-29
1154,pcmurphy99  ,6667,Canad,44,7,75,75,75,50,75,75,2000-09-23
1155,putz173  ,6518,CA,35,,75,100,75,0,100,75,2000-09-23
1156,(hidden by request) ,,undisclosed location,30,,50,0,75,0,75,100,2000-09-23
1157,house5  ,6250,canada,39,15,50,0,100,25,50,75,2000-09-23
1158,redkingca  ,6154,Canada,46,14,25,50,75,0,25,75,2000-09-23
1159,nordo3  ,6041,Canada,60,7,75,75,75,75,100,75,2000-09-23
1160,Nursedude  ,5871,"Cobourg, ON, Canada",39,5,75,50,75,25,75,75,2000-09-23
1161,justsurfin2  ,5794,"Chatham, ON, Canada",69,5,75,50,75,75,50,75,2000-08-17
1162,(hidden by request) ,,undisclosed location,40,,50,0,,0,,50,2000-08-17
1163,Bounty3  ,5647,"Pickering, ON, Canada",40,,50,25,50,0,75,50,2000-08-17
1164,DaisyPusher  ,5629,canada,40,,25,25,50,25,75,50,2000-08-17
1165,William Eachus  ,5627,Canada,40,,75,75,100,25,50,75,2000-08-17
1166,Canuck2fan6  ,5593,"Stratford, ON, Canada",40,,100,100,100,50,100,100,2000-08-17
1167,chuckyd  ,5591,h5n2h4,40,,100,100,75,75,100,100,2000-08-17
1168,msavard  ,5583,Canada,39,,50,0,25,0,75,25,2000-08-17
1169,KiTaNiTa  ,5508,"Montreal, QC, Canada",39,,75,50,75,0,25,75,2000-08-17
1170,aliendna  ,5479,undisclosed location,39,,75,50,100,50,100,100,2000-08-17
1171,Toby048  ,5438,canada,39,,75,100,75,50,75,75,2000-08-17
1172,T1000000  ,5191,Canada,39,,75,100,100,75,75,100,2000-08-17
1173,jhowarth ,,undisclosed location,39,,100,75,75,75,100,100,2000-08-17
1174,bfeist  ,3748,undisclosed location,39,,,,,,,,2000-06-05
1175,BuzzWorks  ,3685,"Brossard, QC, Canada",39,,75,25,0,25,25,0,2000-06-05
1176,Joem6  ,3420,undisclosed location,40,,75,100,100,50,75,75,2000-06-05
1177,kmedcalf  ,3405,CANADA,42,,0,75,0,0,0,50,2000-06-05
1178,dcann  ,3379,Canada,39,,100,100,100,75,75,100,2000-04-30
1179,VenomMan  ,3225,undisclosed location,39,,75,25,100,0,100,100,2000-04-30
1180,LoneWolfXIII  ,3109,"Schenectady, Schenectady, NY, USA",40,,50,75,100,0,50,50,2000-04-30
1181,Alligator9  ,3083,"Burlington, ON, Canada",39,,75,75,75,50,50,100,2000-04-30
1182,pbeyer ,,undisclosed location,29,,100,100,100,75,,100,2000-04-30
1183,BigSilverHotDog  ,2592,undisclosed location,39,,50,50,50,25,75,75,2000-03-24
1184,rick581  ,1681,"Grand Falls-Windsor, NL, Canada",30,,75,50,100,100,50,100,2000-02-16
1185,Keith Bilinsky  ,1633,undisclosed location,40,,25,50,75,0,25,75,2000-02-16
1186,OLDDarwin  ,1592,"North York, ON, Canada",39,,25,0,75,50,50,75,2000-02-16
1187,chillxb  ,1393,undisclosed location,40,,75,75,75,0,0,50,2000-01-11
1188,krogoth2  ,1387,undisclosed location,45,,75,100,75,0,75,100,2000-01-11
1189,howie172  ,1344,undisclosed location,39,,50,25,25,0,50,100,2000-01-11
1190,jasmantle  ,1219,undisclosed location,,,100,75,100,0,25,100,2000-01-11
1191, ,,undisclosed location,,,50,50,0,0,0,0,1999-12-05
1192,kmilburn  ,1195,undisclosed location,,,50,50,25,0,0,0,1999-12-05
1193,(hidden by request) ,,undisclosed location,,,50,50,25,0,25,0,1999-12-05
1194,(hidden by request) ,,undisclosed location,,,50,50,50,0,50,75,1999-12-05
1195,Marc Jutras  ,1030,undisclosed location,,,50,100,75,0,75,75,1999-12-05
1196, ,,undisclosed location,,,25,100,0,0,0,0,1999-12-05
1197,menard6  ,875,undisclosed location,,,75,75,50,25,50,50,1999-12-05
1198,(hidden by request) ,,undisclosed location,,,75,100,100,75,100,100,1999-10-30
1199,(hidden by request) ,,undisclosed location,,,50,100,100,50,75,100,1999-10-30
1200,stark2  ,456,undisclosed location,,,50,75,25,,0,25,1999-10-30
1201,mustard1  ,451,"Scarborough, ON, Canada",,,25,25,0,0,25,0,1999-10-30
1202, ,,undisclosed location,,,0,50,50,25,25,25,1999-09-23
1203,ned4  ,317,undisclosed location,,,50,0,0,0,25,50,1999-09-23
1204,JamesEPatterson  ,316,undisclosed location,,,50,75,50,0,50,75,1999-09-23
1205,gtomkins  ,48,"Kanata, ON, Canada",,,50,25,75,0,100,100,1999-07-12
